line,dir,from,to,0500,0515,0530,0545,0600,0615,0630,0645,0700,0715,0730,0745,0800,0815,0830,0845,0900,0915,0930,0945,1000,1015,1030,1045,1100,1115,1130,1145,1200,1215,1230,1245,1300,1315,1330,1345,1400,1415,1430,1445,1500,1515,1530,1545,1600,1615,1630,1645,1700,1715,1730,1745,1800,1815,1830,1845,1900,1915,1930,1945,2000,2015,2030,2045,2100,2115,2130,2145,2200,2215,2230,2245,2300,2315,2330,2345,0000,0015,0030,0045,0100,0115,0130,0145,0200,0215,0230,0245,0300,0315,0330,0345,0400,0415,0430,0445
Bakerloo,NB,Elephant & Castle,Lambeth North,,,8,12,20,28,36,30,32,50,37,46,55,61,65,64,60,53,44,37,39,33,29,28,28,27,27,28,29,29,30,29,29,28,28,28,29,28,30,30,31,31,34,37,39,34,39,41,43,45,45,44,41,38,34,30,25,27,24,20,18,16,15,14,14,14,14,13,13,12,12,11,9,10,8,4,6,3,,,,,,,,,,,,,,,,,,
Bakerloo,NB,Lambeth North,Waterloo,,,11,17,26,32,42,55,38,45,47,57,68,75,80,80,75,65,55,59,51,45,42,40,39,38,38,39,40,40,41,41,41,40,40,39,39,40,42,43,45,47,51,55,60,52,58,63,64,66,66,63,58,53,48,43,37,39,35,30,27,25,23,22,22,21,21,20,19,18,17,15,13,11,11,13,5,4,,,,,,,,,,,,,,,,,,
Bakerloo,NB,Waterloo,Embankment,,,13,54,50,54,60,84,98,130,170,222,264,291,299,285,252,211,171,142,157,136,129,124,121,117,122,122,123,123,122,117,114,111,111,110,110,110,115,117,121,127,136,143,164,182,166,186,207,218,227,223,214,197,175,152,128,105,110,91,78,72,71,69,71,71,73,71,71,68,63,56,49,50,37,28,18,10,,,,,,,,,,,,,,,,,,
Bakerloo,NB,Embankment,Charing Cross,,,14,56,52,57,61,84,118,125,157,201,240,266,274,266,242,206,169,143,156,136,126,122,120,116,121,123,126,127,127,123,121,117,116,118,118,118,123,127,132,139,152,172,197,175,200,224,243,257,266,262,251,230,204,173,147,150,125,104,94,86,83,80,82,82,84,84,85,83,78,72,61,48,48,36,22,13,,,,,,,,,,,,,,,,,,
Bakerloo,NB,Charing Cross,Piccadilly Circus,,,19,62,57,90,69,96,108,142,180,224,267,296,304,295,268,228,187,159,174,153,142,138,134,130,135,139,143,144,144,141,140,135,134,137,138,139,145,150,157,166,180,195,220,243,219,249,274,293,304,304,289,269,239,212,179,151,160,139,122,113,111,109,112,116,124,130,137,134,125,114,93,69,68,51,30,18,,,,,,,,,,,,,,,,,,
Bakerloo,NB,Piccadilly Circus,Oxford Circus,,,,20,55,87,59,85,116,119,151,189,222,247,255,250,229,199,164,144,157,143,131,132,129,127,127,132,137,137,140,144,147,146,150,159,164,167,174,186,194,201,215,250,275,242,273,308,325,343,354,354,338,318,292,256,223,245,217,199,194,190,189,192,195,207,225,249,269,272,258,235,198,144,110,159,52,106,38,,,,,,,,,,,,,,,,,
Bakerloo,NB,Oxford Circus,Regent's Park,,,,25,67,113,112,115,120,149,183,219,252,269,269,251,220,183,149,131,148,137,128,128,128,125,124,128,132,133,136,142,147,150,155,163,170,175,182,195,204,216,235,256,288,309,267,294,317,327,341,343,326,311,289,266,241,224,255,240,225,220,216,217,217,225,237,257,271,271,258,235,195,150,153,111,56,135,39,,,,,,,,,,,,,,,,,
Bakerloo,NB,Regent's Park,Baker Street,,,,17,130,108,73,103,140,132,161,196,228,245,247,233,206,172,136,118,134,125,116,118,117,117,114,118,123,124,126,134,137,141,146,154,160,168,172,185,195,205,220,262,280,244,329,289,299,322,335,341,330,312,291,270,246,226,260,240,228,222,217,216,219,221,231,250,267,270,259,238,209,161,121,123,85,67,39,,,,,,,,,,,,,,,,,
Bakerloo,NB,Baker Street,Marylebone,,,,29,65,109,106,110,150,146,177,215,248,265,266,253,223,186,152,134,120,138,128,123,121,120,119,124,127,128,128,135,138,141,145,153,160,166,171,183,196,209,226,255,285,308,266,288,311,323,334,337,332,309,286,265,239,213,243,225,210,204,197,196,195,193,199,213,225,227,223,209,177,140,143,105,51,68,39,,,,,,,,,,,,,,,,,
Bakerloo,NB,Marylebone,Edgware Road,,,,28,57,92,90,94,127,124,151,185,214,226,226,213,184,151,123,109,99,115,107,105,102,100,100,106,108,108,108,114,115,117,120,127,131,136,138,148,156,166,179,203,213,232,247,216,230,247,253,260,256,245,233,221,206,186,170,196,180,166,160,159,157,156,160,172,181,183,179,169,144,113,118,89,44,57,35,,,,,,,,,,,,,,,,,
Bakerloo,NB,Edgware Road,Paddington TfL,,,,25,51,83,81,84,113,109,132,160,182,191,188,176,150,123,97,85,98,91,85,87,88,85,85,89,93,93,93,98,101,102,105,111,117,120,123,130,141,150,164,182,205,222,190,207,224,230,236,243,240,229,218,207,187,166,189,173,158,152,147,144,142,141,143,153,162,164,163,156,139,111,88,88,45,53,32,,,,,,,,,,,,,,,,,
Bakerloo,NB,Paddington TfL,Warwick Avenue,,,,21,30,47,71,51,66,72,86,98,108,113,103,93,80,63,51,46,45,54,53,51,51,49,49,50,52,54,56,60,63,65,67,70,72,74,75,80,85,93,103,121,132,152,164,148,163,190,194,207,204,200,182,176,165,148,130,147,130,114,108,103,101,99,100,106,109,109,107,102,89,77,82,46,73,34,18,,,,,,,,,,,,,,,,,
Bakerloo,NB,Warwick Avenue,Maida Vale,,,,15,56,44,44,45,61,75,74,84,94,96,92,81,70,56,45,38,36,44,42,42,42,41,41,42,43,45,46,49,52,54,56,59,61,63,64,68,71,77,86,100,119,138,119,136,151,169,172,182,178,173,155,150,135,122,133,119,104,97,90,87,84,84,83,88,92,92,91,87,80,68,57,58,47,30,19,,,,,,,,,,,,,,,,,
Bakerloo,NB,Maida Vale,Kilburn Park,,,,15,52,40,59,43,57,55,67,74,81,81,78,68,60,48,39,33,31,37,36,36,35,35,34,36,37,38,39,42,44,46,47,50,52,53,54,58,61,67,74,88,102,111,127,113,128,137,152,153,154,146,138,125,117,104,90,100,87,79,73,70,69,69,68,73,77,76,76,73,67,57,49,49,39,26,50,11,,,,,,,,,,,,,,,,
Bakerloo,NB,Kilburn Park,Queen's Park,,,,,16,36,56,36,47,55,50,57,67,67,65,63,54,41,34,31,26,31,30,28,29,30,30,29,31,32,32,34,36,38,39,41,43,45,45,46,50,57,64,74,83,100,102,97,112,122,122,135,130,119,118,113,81,84,93,77,71,63,61,58,56,52,55,56,61,63,62,64,60,53,44,35,50,18,41,12,,,,,,,,,,,,,,,,
Bakerloo,NB,Queen's Park,Kensal Green,,,5,9,14,49,32,45,118,68,78,94,62,98,99,92,51,47,38,29,23,33,34,33,35,37,37,36,38,38,40,42,45,47,49,51,54,56,57,58,64,63,68,153,98,114,85,152,109,174,181,193,117,182,152,90,118,75,60,61,82,74,67,63,61,61,61,62,67,68,66,71,62,39,104,28,20,56,31,,,,,,,,,,,,,,,,,
Bakerloo,NB,Kensal Green,Willesden Junction,,,6,9,13,37,32,90,59,68,77,81,88,93,59,88,78,42,33,27,24,34,23,34,36,34,34,33,34,34,36,37,40,42,44,46,49,50,51,53,58,58,62,141,89,91,72,240,99,158,111,165,174,148,85,124,115,47,57,54,71,64,58,55,52,52,51,52,56,56,54,53,50,43,39,36,21,24,35,,,,,,,,,,,,,,,,,
Bakerloo,NB,Willesden Junction,Harlesden,,,6,,10,47,57,44,102,65,68,91,89,64,86,85,65,36,27,22,18,26,17,26,27,28,27,28,29,30,30,32,35,37,39,42,44,45,47,49,55,60,69,76,92,100,103,130,143,112,169,200,179,122,154,148,78,71,56,50,68,58,54,49,46,45,45,45,47,48,46,45,42,38,33,21,24,14,,18,,,,,,,,,,,,,,,,
Bakerloo,NB,Harlesden,Stonebridge Park,,,8,,9,38,46,35,79,52,55,72,68,48,62,61,45,26,20,17,14,21,14,22,23,24,24,25,26,26,27,28,30,31,33,36,38,40,43,45,50,55,63,70,84,91,96,124,136,106,161,189,166,113,140,135,69,62,48,43,58,50,46,41,39,37,37,37,39,40,38,38,35,32,28,17,20,11,,14,,,,,,,,,,,,,,,,
Bakerloo,NB,Stonebridge Park,Wembley Central,,4,,14,8,34,39,61,69,48,101,67,124,65,106,101,69,58,45,36,32,32,34,36,39,41,40,42,44,45,46,49,51,54,56,61,64,68,72,76,84,92,103,113,134,145,154,206,227,134,266,156,266,136,216,105,155,138,103,96,86,74,70,62,58,54,54,54,58,59,47,57,,23,41,49,28,21,,,,,,,,,,,,,,,,,,
Bakerloo,NB,Wembley Central,North Wembley,,6,,11,23,17,19,59,70,36,99,107,61,120,56,74,72,,16,27,31,18,17,,17,17,21,21,22,23,24,26,28,31,32,33,36,37,38,41,46,49,71,81,47,83,118,,80,190,109,97,223,189,77,72,133,92,57,51,,47,37,22,,36,27,33,34,38,39,38,41,38,16,28,22,11,,,,,,,,,,,,,,,,,,
Bakerloo,NB,North Wembley,South Kenton,,7,,11,11,12,39,44,35,82,54,104,57,101,96,65,57,46,36,30,26,25,23,21,20,19,18,18,19,19,21,22,24,26,27,28,30,30,32,35,38,41,45,52,59,69,98,107,75,154,90,160,91,139,67,102,97,66,60,54,49,42,37,34,30,28,26,26,27,31,31,30,28,26,24,21,8,12,,,,,,,,,,,,,,,,,,
Bakerloo,NB,South Kenton,Kenton,,7,,12,11,13,34,49,61,43,88,55,113,57,94,87,59,46,37,31,28,27,23,21,19,17,16,16,17,17,18,19,21,22,24,24,26,26,26,27,29,30,33,39,47,56,81,90,63,128,74,132,66,114,109,42,79,70,48,44,41,35,32,29,25,23,22,22,23,26,26,25,24,22,17,14,13,10,7,,,,,,,,,,,,,,,,,
Bakerloo,NB,Kenton,Harrow & Wealdstone,,7,,10,7,10,29,36,48,55,30,63,38,73,36,60,50,34,28,25,22,21,18,15,13,11,9,9,9,10,10,11,13,14,15,15,16,16,16,15,15,16,19,22,27,33,37,55,59,39,79,45,76,42,66,30,49,45,31,27,26,22,21,18,16,16,15,15,16,20,20,19,19,18,13,11,11,8,6,,,,,,,,,,,,,,,,,
Bakerloo,SB,Harrow & Wealdstone,Kenton,,,17,,32,42,49,59,68,48,96,56,94,42,62,52,33,33,29,21,18,19,17,18,17,18,19,19,19,21,22,21,21,22,22,23,24,25,26,28,31,34,44,51,55,60,66,74,73,82,39,87,35,69,28,58,20,38,33,29,26,26,26,23,21,16,17,14,12,11,10,6,4,4,3,2,1,1,0,,,,,,,,,,,,,,,,,
Bakerloo,SB,Kenton,South Kenton,,,27,,51,68,84,81,110,120,71,143,77,125,60,85,76,55,46,36,32,33,31,31,30,30,29,31,31,33,34,34,34,35,35,36,35,36,40,49,53,60,72,79,78,81,84,89,89,95,43,100,79,39,68,37,24,50,38,34,30,30,29,26,22,19,18,16,15,15,14,10,7,6,4,3,1,1,0,,,,,,,,,,,,,,,,,
Bakerloo,SB,South Kenton,North Wembley,,,31,,48,,101,99,60,163,177,88,174,93,147,66,93,83,57,44,39,41,37,39,37,38,38,39,39,40,41,42,41,41,42,41,39,39,42,50,56,65,78,86,86,87,88,93,82,96,87,49,78,44,60,36,48,25,38,40,28,28,27,24,21,18,18,16,15,15,14,10,7,6,4,3,1,1,0,,,,,,,,,,,,,,,,,
Bakerloo,SB,North Wembley,Wembley Central,,,,39,,76,101,156,152,102,223,123,215,112,153,78,,51,,41,50,62,47,48,46,47,46,48,48,49,51,51,50,51,52,51,49,48,53,61,67,77,88,94,93,93,74,99,,42,95,123,42,45,83,36,49,25,38,33,27,,13,23,26,18,18,17,16,16,14,10,8,6,4,,1,1,1,,,,,,,,,,,,,,,,,
Bakerloo,SB,Wembley Central,Stonebridge Park,,,,56,,114,143,175,207,227,146,286,160,267,123,185,167,116,119,105,85,79,83,71,73,70,69,65,69,68,71,74,76,75,75,77,75,73,74,80,83,87,96,103,102,108,109,107,122,118,63,119,60,89,47,69,34,55,55,42,40,34,31,29,26,23,23,22,21,19,18,17,14,11,9,6,2,2,1,,,,,,,,,,,,,,,,,
Bakerloo,SB,Stonebridge Park,Harlesden,,24,,43,57,76,63,222,87,146,121,182,196,167,103,120,103,77,77,66,55,53,54,47,47,45,44,43,45,45,47,48,48,47,48,48,48,48,48,51,51,52,57,40,41,44,46,46,77,74,52,73,71,54,37,41,38,31,31,24,23,19,18,16,14,13,13,13,12,11,10,9,7,6,10,4,5,2,0,,,,,,,,,,,,,,,,,
Bakerloo,SB,Harlesden,Willesden Junction,,28,,48,62,83,67,235,90,156,195,132,208,184,170,89,114,90,89,75,62,61,62,54,54,52,51,51,53,54,56,56,55,54,55,56,57,58,61,63,63,65,70,48,51,57,58,62,207,65,67,97,88,67,45,49,44,36,35,28,26,22,21,19,16,15,15,15,14,12,12,10,8,7,11,4,4,2,1,0,,,,,,,,,,,,,,,,
Bakerloo,SB,Willesden Junction,Kensal Green,,,56,46,64,162,59,104,125,89,168,177,122,158,161,128,72,92,182,49,61,64,61,59,58,57,56,55,56,58,60,60,58,58,58,59,59,61,66,69,71,72,78,80,57,62,65,67,106,105,66,109,97,57,73,44,94,45,37,24,29,26,22,21,18,18,18,17,16,15,13,12,10,8,13,5,5,3,1,0,,,,,,,,,,,,,,,,
Bakerloo,SB,Kensal Green,Queen's Park,,,49,99,58,88,99,72,113,135,165,180,136,193,202,168,99,120,115,90,72,69,71,68,67,65,64,63,65,65,68,68,66,64,65,65,66,67,71,76,77,83,89,62,66,68,72,111,74,105,115,110,69,96,92,49,62,52,44,37,31,27,24,23,20,19,20,19,18,16,14,13,11,8,7,11,3,3,1,0,,,,,,,,,,,,,,,,
Bakerloo,SB,Queen's Park,Kilburn Park,,,47,51,81,52,68,83,95,98,119,145,156,166,153,143,118,99,100,88,72,64,63,63,60,59,58,57,56,56,56,57,55,53,53,54,53,54,55,59,61,69,75,63,65,70,66,69,77,75,73,78,74,62,57,52,50,40,36,32,27,25,23,21,19,17,17,17,17,15,14,13,10,8,9,7,3,7,,,,,,,,,,,,,,,,,,
Bakerloo,SB,Kilburn Park,Maida Vale,,,54,57,91,59,77,94,109,112,138,171,186,199,187,175,145,122,123,107,88,79,77,76,72,71,69,68,66,66,66,67,64,62,62,63,63,63,65,69,72,76,82,88,72,77,83,85,88,91,91,88,85,77,69,61,50,52,45,38,33,30,28,25,23,21,21,21,20,19,17,15,17,10,8,8,5,8,,,,,,,,,,,,,,,,,,
Bakerloo,SB,Maida Vale,Warwick Avenue,,,59,62,98,61,83,136,119,117,155,188,217,230,234,217,186,151,159,128,106,96,92,90,88,84,82,81,80,78,78,78,76,73,72,72,73,73,74,79,83,91,95,82,110,93,81,102,105,104,105,101,97,89,78,70,72,61,52,49,43,39,37,35,31,27,26,26,24,23,22,20,16,13,14,7,6,11,,,,,,,,,,,,,,,,,,
Bakerloo,SB,Warwick Avenue,Paddington TfL,,,65,52,98,133,73,113,143,138,178,218,253,270,276,257,222,180,189,151,124,111,107,104,102,97,95,95,94,91,91,90,88,84,83,83,84,83,86,91,96,100,109,117,97,102,110,116,119,119,122,122,113,105,98,86,70,74,65,56,49,45,43,41,37,33,31,31,29,28,27,24,20,21,13,12,9,7,,,,,,,,,,,,,,,,,,
Bakerloo,SB,Paddington TfL,Edgware Road,,,,29,161,79,82,110,142,141,174,210,244,260,266,266,241,206,236,214,149,179,176,166,159,154,148,152,150,144,142,138,133,128,128,128,131,131,133,141,146,153,158,170,183,159,174,195,208,217,222,220,216,202,180,163,138,110,119,106,91,83,78,72,66,61,59,56,53,48,45,55,35,27,23,22,13,11,,,,,,,,,,,,,,,,,,
Bakerloo,SB,Edgware Road,Marylebone,,,,28,152,73,76,103,132,131,163,196,227,241,247,247,223,192,213,192,166,160,157,154,149,144,139,141,141,136,134,131,126,121,120,120,123,124,126,134,141,147,163,175,152,164,181,195,209,218,222,220,215,201,179,157,134,134,114,102,94,85,79,75,68,62,59,57,53,51,48,43,37,40,24,17,16,13,,,,,,,,,,,,,,,,,,
Bakerloo,SB,Marylebone,Baker Street,,,,25,176,120,70,167,165,157,205,251,288,312,321,321,298,258,226,260,226,204,195,195,185,179,173,181,178,172,162,161,151,143,138,141,141,141,142,154,160,169,178,196,211,184,200,226,242,255,261,262,255,241,218,197,169,139,144,126,109,98,89,84,77,71,68,65,60,57,51,48,55,34,27,30,18,10,,,,,,,,,,,,,,,,,,
Bakerloo,SB,Baker Street,Regent's Park,,,,78,55,131,99,141,181,180,231,286,332,368,378,375,339,293,318,285,249,233,221,215,215,206,204,210,213,208,202,197,192,181,174,176,177,174,177,185,195,203,229,249,214,229,250,268,288,305,314,312,299,281,253,220,188,194,160,136,123,110,101,94,86,80,76,72,68,64,60,57,49,41,46,26,21,14,,,,,,,,,,,,,,,,,,
Bakerloo,SB,Regent's Park,Oxford Circus,,,,78,55,130,90,128,222,167,211,268,315,354,366,370,350,304,264,296,262,233,222,217,217,208,208,213,217,213,206,203,197,186,180,181,182,179,183,193,203,212,227,248,268,230,253,281,303,322,334,330,319,302,274,243,211,175,179,152,130,117,108,100,91,85,80,76,72,67,64,58,51,57,36,26,25,15,,,,,,,,,,,,,,,,,,
Bakerloo,SB,Oxford Circus,Piccadilly Circus,,,,44,55,97,74,100,129,154,148,176,211,234,248,253,249,220,195,219,202,182,180,178,182,178,180,185,194,193,190,186,182,171,168,169,171,171,174,178,189,194,210,233,270,230,212,279,300,305,317,316,307,285,262,229,199,206,177,150,139,128,123,114,108,103,101,99,97,90,84,75,61,50,53,29,26,18,24,,,,,,,,,,,,,,,,,
Bakerloo,SB,Piccadilly Circus,Charing Cross,,,,31,39,63,47,92,93,111,108,134,159,177,189,195,190,173,153,138,158,143,135,133,135,131,131,133,140,138,138,140,141,137,140,145,149,151,157,163,174,180,195,218,243,208,234,263,286,305,321,322,311,291,267,236,206,175,191,168,154,146,145,139,138,137,140,149,151,142,129,117,127,75,59,48,41,23,33,,,,,,,,,,,,,,,,,
Bakerloo,SB,Charing Cross,Embankment,,,,28,34,55,39,77,77,92,91,113,135,149,157,161,156,136,118,132,119,106,105,103,106,103,101,102,109,107,108,109,111,109,113,116,121,123,128,132,143,149,160,181,204,174,194,220,240,257,274,278,270,252,232,205,179,154,169,150,139,134,132,129,128,128,131,140,145,140,132,120,100,77,61,61,30,22,40,,,,,,,,,,,,,,,,,
Bakerloo,SB,Embankment,Waterloo,,,,23,21,44,64,37,62,75,70,86,102,109,115,115,111,96,85,96,91,83,83,83,85,83,82,83,88,87,89,90,93,92,95,98,103,105,110,114,125,132,143,163,187,161,182,208,229,247,263,267,257,238,216,191,166,143,157,139,129,124,122,121,121,121,124,133,139,134,127,116,93,74,77,42,39,25,19,,,,,,,,,,,,,,,,,
Bakerloo,SB,Waterloo,Lambeth North,,,,,4,24,14,16,24,28,26,30,34,36,37,39,37,34,30,38,36,26,32,32,29,28,27,26,27,27,28,28,30,31,33,34,35,36,36,37,39,41,44,47,51,56,48,53,58,63,66,69,69,68,64,58,50,45,69,46,35,44,42,39,38,38,38,39,41,40,37,36,39,24,36,20,22,16,9,,,,,,,,,,,,,,,,,
Bakerloo,SB,Lambeth North,Elephant & Castle,,,,,2,11,7,9,13,16,19,18,20,21,22,23,23,22,20,20,24,22,20,20,19,18,17,17,17,18,18,19,20,21,22,23,24,25,26,26,28,29,31,36,40,35,38,42,45,49,52,54,54,54,50,45,39,35,50,34,32,32,31,30,30,30,29,29,30,30,28,27,23,19,29,15,17,13,7,,,,,,,,,,,,,,,,,
Central,EB,West Ruislip,Ruislip Gardens,,13,21,11,16,34,27,64,24,24,106,83,34,66,29,15,35,11,17,18,13,8,14,13,12,8,12,9,8,5,9,6,8,6,9,8,10,7,10,10,9,8,25,9,14,14,11,33,11,19,24,20,19,21,17,13,9,8,5,4,3,2,3,2,2,1,2,2,2,2,4,2,3,1,1,1,,,,,,,,,,,,,,,,,,,,
Central,EB,Ruislip Gardens,South Ruislip,,17,35,22,21,24,36,39,42,52,99,86,76,149,111,35,36,38,34,21,25,21,23,20,13,19,21,14,10,14,16,12,9,14,16,13,10,15,18,15,11,18,14,20,14,14,25,16,16,29,19,23,23,46,12,14,13,19,6,5,3,4,4,3,2,3,3,2,2,2,4,3,1,2,1,1,,,,,,,,,,,,,,,,,,,,
Central,EB,South Ruislip,Northolt,,30,62,42,31,43,73,58,61,63,124,146,241,119,173,79,55,58,55,48,26,32,36,28,20,30,33,24,16,24,25,18,13,20,22,19,15,24,27,22,16,28,29,21,33,17,34,38,24,26,27,35,30,51,23,17,12,29,13,8,6,6,6,4,3,4,5,6,4,6,11,9,2,3,1,1,,,,,,,,,,,,,,,,,,,,
Central,EB,Northolt,Greenford,,,77,100,97,165,127,133,156,149,183,295,181,173,515,118,151,152,60,106,100,53,78,52,47,50,47,44,41,65,40,38,36,57,35,35,34,37,34,36,56,28,40,65,33,44,37,45,35,71,33,31,60,35,41,40,31,26,20,18,15,13,8,12,12,10,6,9,10,8,7,14,11,3,5,4,2,,,,,,,,,,,,,,,,,,,
Central,EB,Greenford,Perivale,,,166,89,200,151,166,307,222,160,265,399,245,332,323,252,223,139,127,112,135,83,107,70,64,66,63,60,56,87,54,52,49,77,49,49,48,51,48,47,71,53,54,60,61,48,68,70,49,69,68,44,56,78,44,57,48,37,60,17,20,22,18,12,16,16,13,8,12,12,19,8,13,5,6,5,2,,,,,,,,,,,,,,,,,,,
Central,EB,Perivale,Hanger Lane,,,183,99,193,168,281,216,231,265,275,283,444,409,243,316,277,222,137,122,164,92,84,121,75,69,71,66,64,95,65,59,46,167,42,75,56,51,52,53,84,59,43,65,103,52,53,84,79,59,77,53,58,86,73,41,52,44,61,28,23,15,21,21,17,11,15,15,13,9,24,10,14,11,3,5,4,,,,,,,,,,,,,,,,,,,
Central,EB,Hanger Lane,North Acton,,,179,145,218,169,223,381,207,276,305,497,476,324,474,282,322,301,158,140,189,108,100,144,89,83,86,79,78,114,73,69,70,100,66,64,66,63,60,61,92,62,69,76,83,88,75,100,78,105,104,75,93,80,101,85,64,53,44,36,32,26,16,24,23,19,12,17,17,14,14,24,11,14,6,8,6,,,,,,,,,,,,,,,,,,,
Central,EB,Ealing Broadway,West Acton,,12,26,49,49,141,69,129,105,165,207,229,156,152,244,199,109,150,124,98,178,79,66,69,58,60,59,40,59,59,54,36,106,56,56,39,56,56,56,56,52,59,147,73,47,98,212,65,77,239,76,203,66,80,77,38,50,44,36,20,26,24,22,14,18,18,33,10,14,15,13,12,10,9,12,4,2,2,3,1,2,,,,,,,,,,,,,,,
Central,EB,West Acton,North Acton,,,13,59,99,78,103,97,172,128,209,243,265,174,168,235,209,152,91,236,111,162,54,141,76,61,43,72,70,42,63,60,58,115,38,57,64,54,35,115,65,67,75,90,86,61,205,113,79,122,84,225,67,82,78,36,49,82,22,28,27,21,13,18,18,15,14,14,12,12,12,8,10,9,11,4,2,2,2,1,1,,,,,,,,,,,,,,,
Central,EB,North Acton,East Acton,,,87,80,162,128,163,197,185,234,232,405,280,282,282,248,250,272,133,171,150,151,94,179,98,90,76,92,88,83,83,82,78,93,74,72,71,67,55,88,88,74,80,80,126,78,100,112,113,118,140,96,121,89,75,64,58,46,44,29,25,23,16,19,16,14,13,14,12,12,12,14,9,13,11,7,3,7,2,1,0,,,,,,,,,,,,,,,
Central,EB,East Acton,White City,,,92,105,122,150,161,192,189,237,244,438,306,256,309,321,217,376,145,181,163,136,125,151,129,82,96,98,92,90,88,92,85,80,99,81,73,60,71,99,97,67,91,104,111,99,94,144,130,130,131,130,114,96,98,69,62,52,51,35,28,22,22,22,17,13,18,15,13,11,12,16,13,10,12,9,5,4,2,1,1,0,,,,,,,,,,,,,,
Central,EB,White City,Shepherd's Bush,,,95,93,90,158,153,186,184,197,228,339,296,262,306,250,230,195,170,152,107,136,106,117,110,85,86,86,84,98,99,82,79,89,89,89,71,68,73,92,93,83,114,110,125,120,132,154,195,174,177,179,184,133,110,106,67,73,62,43,36,32,31,28,26,24,28,21,19,18,16,23,21,17,18,14,9,13,,,,,,,,,,,,,,,,,,
Central,EB,Shepherd's Bush,Holland Park,,,96,103,116,123,196,190,192,209,246,360,412,306,318,362,263,253,218,157,157,164,126,139,138,104,108,102,104,121,124,100,102,114,117,113,94,90,94,120,122,110,149,146,156,146,168,221,205,218,228,225,237,177,180,130,99,122,102,70,63,57,54,52,49,47,57,45,42,41,40,52,47,36,27,25,18,24,,,,,,,,,,,,,,,,,,
Central,EB,Holland Park,Notting Hill Gate,,,81,140,118,126,162,192,191,256,251,308,425,327,384,327,320,232,269,165,161,181,132,126,186,113,111,116,111,109,165,107,104,124,124,123,103,101,106,129,116,144,139,183,145,185,177,196,254,235,243,243,222,224,165,161,111,107,112,92,65,60,57,55,54,51,50,58,45,44,43,46,50,40,39,27,19,16,,,,,,,,,,,,,,,,,,
Central,EB,Notting Hill Gate,Queensway,,,159,91,105,120,185,188,179,209,282,290,399,318,391,334,299,294,245,202,175,156,173,137,158,154,125,127,133,129,155,156,128,123,147,145,144,122,124,129,167,178,159,180,200,219,204,237,290,234,320,278,253,271,198,167,157,128,129,112,82,75,70,69,68,65,63,75,60,58,56,64,71,46,59,43,27,22,,,,,,,,,,,,,,,,,,
Central,EB,Queensway,Lancaster Gate,,,165,88,108,153,146,182,225,217,245,294,427,388,346,342,377,320,263,199,250,157,189,160,221,144,140,145,141,141,212,136,135,160,160,158,136,133,141,171,153,191,182,230,189,282,199,289,275,279,291,337,273,286,221,190,155,148,147,124,91,83,78,77,75,72,71,83,68,66,65,72,82,66,52,50,33,26,,,,,,,,,,,,,,,,,,
Central,EB,Lancaster Gate,Marble Arch,,,139,133,97,113,186,189,182,217,292,292,421,395,355,369,396,295,349,217,216,195,210,165,192,184,149,148,154,149,178,178,147,140,167,165,165,139,142,147,191,197,183,248,198,252,236,257,324,286,301,348,254,358,204,224,165,149,157,131,96,86,83,80,80,74,73,86,70,69,65,63,112,55,68,56,34,22,,,,,,,,,,,,,,,,,,
Central,EB,Marble Arch,Bond Street,,,,77,122,109,171,181,179,212,284,290,413,398,357,377,405,308,357,224,223,204,216,173,202,192,156,158,161,159,190,192,160,155,182,184,185,154,158,165,213,232,206,235,263,287,261,293,369,338,347,343,334,416,228,260,196,179,190,162,120,108,103,98,96,91,90,107,87,87,86,82,114,96,75,78,53,31,,,,,,,,,,,,,,,,,,
Central,EB,Bond Street,Oxford Circus,,,,71,116,132,131,168,211,198,232,344,344,378,359,424,349,360,315,273,244,180,229,183,211,202,167,171,175,173,207,210,174,170,201,205,209,177,183,190,248,254,228,303,282,301,291,320,337,358,436,370,358,394,298,263,263,184,225,200,144,132,129,121,119,112,112,133,109,102,101,117,132,88,94,100,63,38,,,,,,,,,,,,,,,,,,
Central,EB,Oxford Circus,Tottenham Court Road,,,,95,80,112,131,209,167,203,289,296,445,439,403,435,484,370,438,272,260,230,236,187,219,214,175,181,182,183,220,224,185,185,217,222,225,193,194,210,259,229,292,265,274,305,320,260,377,349,343,348,398,369,290,264,232,230,235,170,187,147,138,138,134,127,127,151,122,118,115,106,144,123,103,113,85,54,106,,,,,,,,,,,,,,,,,
Central,EB,Tottenham Court Road,Holborn,,,,92,94,88,151,156,193,190,231,334,354,505,396,419,491,370,357,308,258,207,188,208,170,240,165,167,183,177,181,278,193,180,193,288,196,235,217,220,232,296,317,276,304,328,292,313,396,354,367,373,365,392,310,323,252,251,227,246,234,182,180,183,180,181,181,186,225,183,174,163,174,176,150,157,118,76,162,,,,,,,,,,,,,,,,,
Central,EB,Holborn,Chancery Lane,,,,87,99,109,117,192,193,185,228,334,348,496,387,405,472,358,351,306,218,210,221,171,203,202,170,180,183,187,231,240,199,205,246,256,261,228,238,251,322,332,300,388,362,382,351,378,475,423,438,441,432,465,367,391,301,257,337,309,238,235,234,231,229,226,236,295,245,237,224,201,261,224,190,162,162,110,198,,,,,,,,,,,,,,,,,
Central,EB,Chancery Lane,St. Paul's,,,,85,130,82,136,143,165,168,238,237,292,401,311,364,314,318,235,233,211,171,161,183,153,225,157,164,180,177,185,287,198,189,206,310,213,261,246,252,267,348,381,336,367,402,439,393,444,535,421,564,477,434,482,364,321,333,292,318,305,241,241,242,241,245,246,253,305,245,230,215,226,234,200,219,167,113,117,,,,,,,,,,,,,,,,,
Central,EB,St. Paul's,Bank and Monument,,,,140,77,83,87,136,132,123,149,213,223,304,243,295,252,221,229,194,145,178,139,161,137,163,171,150,159,170,173,214,225,188,190,237,247,253,231,248,266,348,386,347,383,420,466,420,469,570,451,599,510,467,514,389,344,353,311,337,323,256,255,254,253,253,255,259,315,254,237,222,245,256,175,247,189,116,120,,,,,,,,,,,,,,,,,
Central,EB,Bank and Monument,Liverpool Street,,,,126,66,79,106,102,122,146,133,153,227,257,189,198,224,164,167,148,117,151,105,136,122,174,122,128,142,140,151,235,160,164,210,222,235,208,219,251,315,288,375,353,461,432,488,461,522,635,502,667,562,515,569,438,389,343,350,375,345,272,269,267,267,267,269,271,330,267,253,236,257,279,238,200,206,140,130,,,,,,,,,,,,,,,,,
Central,EB,Liverpool Street,Bethnal Green,,,,106,83,65,88,85,96,112,99,117,163,145,143,124,128,93,96,89,74,102,72,98,90,134,93,99,110,111,116,148,161,141,149,190,200,213,196,214,231,315,349,325,447,428,480,457,518,630,494,664,554,512,570,443,395,351,355,383,348,274,267,266,257,259,253,256,307,253,233,224,258,277,190,284,236,148,107,,,,,,,,,,,,,,,,,
Central,EB,Bethnal Green,Mile End,,,,,50,77,83,78,94,106,99,139,129,143,174,104,127,113,77,85,86,81,68,101,86,104,107,96,102,106,110,144,154,137,144,185,194,206,187,209,224,305,334,317,429,413,458,439,480,607,536,546,533,506,528,419,440,334,291,383,339,263,253,250,240,243,234,230,278,274,218,208,207,277,193,207,235,155,100,,,,,,,,,,,,,,,,,
Central,EB,Mile End,Stratford,,,,,79,77,69,108,105,118,106,122,161,142,169,119,108,109,80,85,86,79,69,99,85,100,105,92,99,100,107,139,150,128,138,172,185,195,180,199,216,290,313,297,398,384,425,405,447,561,497,491,497,541,420,381,414,298,260,338,303,230,223,217,208,204,195,194,232,189,181,173,158,212,182,155,172,130,86,165,,,,,,,,,,,,,,,,
Central,EB,Stratford,Leyton,,,,,40,42,52,69,70,87,79,89,111,91,98,67,66,47,41,44,43,41,42,45,56,50,79,59,63,70,74,85,138,100,102,114,179,126,163,159,173,184,257,299,279,320,378,442,422,465,580,496,498,545,376,439,347,330,249,256,287,260,204,198,191,187,184,177,173,208,166,157,150,160,166,140,151,115,81,83,,,,,,,,,,,,,,,,
Central,EB,Leyton,Leytonstone,,,,,62,32,41,59,61,76,73,82,102,84,94,74,52,46,45,34,38,38,37,40,51,44,55,61,54,59,66,73,94,103,90,97,122,132,139,131,145,157,215,239,237,323,270,352,365,450,414,415,427,453,364,384,305,258,225,229,246,225,175,170,162,158,154,148,144,173,138,130,121,133,143,120,100,107,72,67,,,,,,,,,,,,,,,,
Central,EB,Leytonstone,Snaresbrook,,,10,19,10,54,41,39,58,71,81,84,87,132,122,58,72,48,70,45,57,28,55,41,41,44,73,52,56,60,69,71,78,126,95,96,105,162,120,127,142,149,172,289,236,254,220,343,388,325,453,357,481,351,303,301,355,218,248,220,189,257,169,159,158,146,149,140,138,138,146,125,126,363,153,109,217,156,44,64,,,,,,,,,,,,,,,,
Central,EB,Snaresbrook,South Woodford,,,3,19,16,27,41,41,50,64,106,80,83,82,117,73,44,49,64,34,34,34,35,36,39,40,68,49,53,57,58,67,110,78,89,96,98,151,112,120,134,140,162,274,203,223,277,302,273,396,331,428,336,420,304,269,261,293,183,204,188,237,156,147,144,134,137,127,125,125,122,114,173,152,141,235,101,146,56,60,,,,,,,,,,,,,,,,
Central,EB,South Woodford,Woodford,,,2,19,31,13,38,56,35,58,103,70,75,109,66,63,54,31,51,32,38,20,42,30,29,34,54,39,42,48,50,53,57,97,66,71,76,126,87,95,107,122,128,143,260,188,154,252,309,240,257,364,359,239,234,302,199,170,203,178,140,132,184,118,103,108,104,102,96,99,100,96,95,133,112,190,149,58,89,33,,,,,,,,,,,,,,,,
Central,EB,Woodford,Buckhurst Hill,,2,1,5,12,18,28,31,42,45,57,88,68,93,47,80,39,34,29,38,23,21,22,23,22,25,39,28,30,34,35,36,40,67,45,48,52,86,58,65,75,83,87,96,166,126,136,113,180,211,211,230,247,180,157,155,193,122,102,126,104,86,118,75,65,69,66,66,62,64,64,58,57,180,78,68,123,49,64,48,24,,,,,,,,,,,,,,,
Central,EB,Buckhurst Hill,Loughton,,2,3,3,12,17,25,26,51,41,53,57,65,97,58,51,44,25,38,26,32,16,18,28,19,19,21,34,27,27,29,29,35,52,36,38,45,64,34,71,55,63,59,77,142,97,80,133,146,117,178,278,147,133,131,162,106,89,113,92,82,74,99,62,59,53,53,53,53,48,51,50,49,74,69,63,102,41,54,41,19,,,,,,,,,,,,,,,
Central,EB,Loughton,Debden,0,0,1,3,7,10,22,22,44,52,53,63,145,59,62,,48,32,38,53,25,48,24,14,24,23,15,24,30,30,21,32,38,37,26,41,48,46,33,52,60,59,63,167,173,99,246,137,146,171,180,170,184,175,108,159,151,86,111,100,84,75,66,62,61,52,34,52,53,46,32,47,47,41,44,75,34,55,24,28,20,,,,,,,,,,,,,,,0
Central,EB,Debden,Theydon Bois,1,0,1,3,3,6,14,21,27,38,42,31,86,39,62,53,19,18,18,27,14,26,13,13,14,10,16,19,20,14,21,24,23,17,26,31,31,23,36,43,46,32,51,111,129,143,74,89,191,103,107,128,120,89,122,77,98,101,79,48,62,58,87,44,41,28,37,42,36,23,32,39,36,23,36,70,25,43,36,10,15,,,,,,,,,,,,,,,0
Central,EB,Theydon Bois,Epping,1,0,1,1,4,5,8,18,24,29,37,37,38,71,30,48,43,11,14,29,22,12,23,9,12,9,13,17,17,12,18,19,20,22,15,27,29,20,31,36,34,28,87,47,110,116,60,145,77,83,93,98,96,99,65,92,55,74,71,56,33,47,80,36,33,22,30,35,30,18,26,29,26,28,28,29,49,22,32,12,13,,,,,,,,,,,,,,,
Central,EB,Leytonstone,Wanstead,,,,,,27,25,76,50,65,51,60,93,48,91,56,35,42,27,22,30,30,21,29,43,31,48,35,38,45,45,52,86,65,66,74,110,82,130,100,106,125,206,153,181,302,246,413,245,358,391,293,402,368,350,472,214,249,167,186,259,154,142,138,128,126,121,114,111,163,98,95,89,61,106,68,76,67,97,35,,,,,,,,,,,,,,,,
Central,EB,Wanstead,Redbridge,,,,,,24,33,28,90,61,34,52,87,56,50,49,46,28,23,22,39,18,23,25,38,26,28,45,33,35,41,43,50,80,56,57,97,69,113,84,96,110,178,128,175,287,159,394,315,229,333,371,362,249,322,454,247,158,188,171,224,141,132,128,120,112,109,103,102,147,95,93,65,58,102,60,68,57,87,63,33,,,,,,,,,,,,,,,
Central,EB,Redbridge,Gants Hill,,,,,,15,22,21,68,45,34,46,74,38,76,50,32,37,23,19,26,23,16,22,35,23,24,39,28,31,36,38,44,71,49,49,85,60,97,72,83,95,153,111,135,252,187,211,256,288,296,236,325,316,285,256,232,202,123,148,211,122,114,110,103,95,93,88,87,125,78,73,69,47,85,49,43,109,41,54,41,,,,,,,,,,,,,,,
Central,EB,Gants Hill,Newbury Park,,,,,,8,14,14,41,32,37,22,53,37,32,32,28,16,17,11,10,12,11,11,11,18,12,21,16,18,19,23,25,41,28,32,55,36,38,70,54,54,60,113,89,96,117,217,168,130,211,220,162,209,195,165,217,95,100,103,130,79,71,74,64,60,59,60,54,54,77,48,45,33,39,34,30,69,26,34,25,,,,,,,,,,,,,,,
Central,EB,Newbury Park,Barkingside,,,,,,3,9,14,14,40,19,32,40,36,24,60,18,19,9,10,9,8,12,8,12,12,12,14,15,11,18,22,23,26,26,32,31,23,72,46,53,37,56,129,83,90,75,126,156,171,130,136,143,207,184,112,149,69,75,53,89,52,63,68,58,36,54,57,33,33,47,29,26,25,22,20,17,22,33,11,15,,,,,,,,,,,,,,,
Central,EB,Barkingside,Fairlop,,,,,,,4,12,10,31,20,15,26,27,23,21,19,11,7,8,7,5,9,7,5,18,9,6,11,13,13,9,18,40,13,24,26,18,54,30,32,34,40,94,43,73,52,93,235,87,100,112,111,159,140,85,114,50,57,51,42,53,53,50,30,30,84,26,35,25,34,24,21,15,18,16,13,17,25,9,11,,,,,,,,,,,,,,,
Central,EB,Fairlop,Hainault,,,,,,,2,9,16,11,15,18,13,17,18,30,9,8,5,6,7,4,4,6,4,11,7,7,6,8,11,11,8,26,17,17,13,19,23,46,17,26,34,75,29,57,61,49,164,73,109,60,118,134,110,51,97,59,43,29,34,44,40,35,23,30,32,29,19,18,28,18,16,12,13,13,15,9,19,8,9,,,,,,,,,,,,,,,
Central,EB,Hainault,Grange Hill,,,,,1,1,2,,4,10,,16,14,17,,9,6,8,,4,3,4,,3,2,3,,3,2,3,,4,3,4,,4,3,4,,6,4,6,,9,7,9,,6,7,,13,12,13,,11,7,7,10,,12,7,8,,6,5,5,,3,4,,5,4,4,4,,3,2,,,,,,,,,,,,,,,,,,,
Central,EB,Grange Hill,Chigwell,,6,,11,10,26,,21,37,38,,33,54,,22,17,17,17,,12,9,,9,9,9,6,,5,4,,8,6,7,,5,5,5,5,,4,4,,7,6,7,,7,5,7,,8,6,7,,6,2,5,,6,5,6,,4,2,3,,3,2,2,,2,1,2,,2,1,,1,,,,,,,,,,,,,,,,,,
Central,EB,Chigwell,Roding Valley,,9,,17,14,40,,30,62,83,118,113,45,,74,13,21,,19,18,22,,14,10,14,,12,8,11,,12,9,10,,9,6,8,,8,6,10,,13,11,13,,13,9,12,,9,5,6,,4,3,4,,4,3,3,,2,1,2,,1,1,1,,1,0,1,,1,1,,0,,,,,,,,,,,,,,,,,,
Central,EB,Roding Valley,Woodford,,,14,14,20,,49,40,87,106,148,142,55,,87,14,,28,18,24,,21,13,19,,14,12,16,,13,12,14,,12,8,11,,11,7,10,,13,11,14,,14,10,15,,14,10,11,,5,4,5,,4,3,4,,3,3,3,,2,1,2,,1,1,1,,1,0,1,,0,,,,,,,,,,,,,,,,,,
Central,WB,Epping,Theydon Bois,25,42,38,56,57,63,72,126,139,139,175,163,104,262,106,126,133,86,31,80,41,63,33,30,37,31,22,32,33,27,18,29,28,14,21,23,20,12,19,24,20,17,54,18,56,59,31,63,37,69,23,27,58,20,12,15,10,10,9,7,6,4,3,8,4,3,3,4,3,7,2,2,3,3,1,0,1,0,0,0,0,0,,,,,,,,,,,,,,
Central,WB,Theydon Bois,Debden,32,55,49,62,59,115,87,102,178,185,195,203,192,160,132,194,157,105,36,96,49,75,39,36,42,37,26,37,38,31,21,30,31,25,16,24,27,22,16,25,27,27,32,33,33,74,69,37,80,42,40,38,31,54,14,12,17,9,10,10,7,5,3,10,5,4,3,6,6,5,6,3,4,3,2,1,1,0,0,0,0,0,,,,,,,,,,,,,,
Central,WB,Debden,Loughton,,63,62,99,89,102,115,191,217,230,188,301,181,165,423,142,204,202,67,67,120,59,97,60,51,37,51,57,48,31,44,46,38,25,34,38,35,24,37,44,44,29,57,120,41,118,137,136,66,64,135,62,49,45,26,31,15,19,18,10,13,12,9,9,16,5,8,9,8,5,7,7,5,3,3,2,1,1,0,0,0,0,,,,,,,,,,,,,,
Central,WB,Loughton,Buckhurst Hill,,87,70,117,156,123,160,284,164,243,196,265,254,133,302,166,91,150,131,62,60,60,57,80,53,50,53,75,47,45,45,40,38,36,53,32,33,33,58,40,42,45,48,53,36,58,92,47,63,71,47,89,53,41,34,20,16,14,12,14,13,10,10,9,12,7,8,8,8,7,7,9,8,13,5,6,4,1,0,0,,,,,,,,,,,,,,,,
Central,WB,Buckhurst Hill,Woodford,,105,167,95,188,153,176,333,256,299,243,259,333,221,252,202,163,189,110,85,89,74,70,99,65,61,64,91,57,55,54,49,45,44,64,39,39,39,65,44,46,48,52,59,41,64,98,75,74,63,76,73,94,51,31,26,21,17,21,19,12,15,14,12,15,9,9,10,9,8,9,11,9,15,6,7,4,1,0,0,,,,,,,,,,,,,,,,
Central,WB,Woodford,South Woodford,,131,105,116,237,208,247,306,354,304,345,373,364,348,411,324,267,335,175,150,140,126,110,105,148,101,90,93,135,85,76,77,75,68,63,91,63,55,58,91,64,61,73,78,60,85,146,101,76,117,106,73,261,80,42,40,32,25,21,38,17,19,18,17,22,13,13,15,13,9,18,11,11,20,13,8,4,2,1,,,,,,,,,,,,,,,,,
Central,WB,South Woodford,Snaresbrook,,156,127,140,257,219,445,344,299,471,415,447,457,353,539,435,338,424,223,188,172,155,137,130,185,125,114,116,168,106,96,96,86,85,119,76,71,76,107,73,76,81,81,92,95,76,167,127,125,98,130,125,155,94,79,48,39,34,28,33,22,25,22,20,28,17,17,17,16,14,13,19,16,12,19,12,5,3,1,,,,,,,,,,,,,,,,,
Central,WB,Snaresbrook,Leytonstone,,157,134,190,182,347,315,363,332,499,439,453,487,449,419,711,383,296,400,210,175,167,150,139,208,132,128,128,188,116,110,108,101,92,88,126,82,77,85,127,62,83,133,98,110,93,134,139,146,142,106,125,186,152,64,52,47,35,39,34,22,27,26,23,20,18,27,18,17,12,15,21,16,12,19,12,5,3,1,,,,,,,,,,,,,,,,,
Central,WB,Woodford,Roding Valley,,,,,,1,,7,7,11,,15,12,15,,8,6,,5,4,4,5,,5,5,,8,6,9,,11,9,12,,14,11,16,,20,16,25,,36,30,43,,45,46,63,54,60,66,55,50,,45,32,,35,22,29,,27,18,23,,18,12,16,,13,11,11,9,,4,3,,,,,,,,,,,,,,,,,,,
Central,WB,Roding Valley,Chigwell,,,,,,1,,7,6,14,,19,18,,15,7,7,,5,2,3,,5,4,6,,7,5,7,,9,7,10,,12,9,13,,17,14,21,,30,25,36,,36,29,38,,36,18,,53,47,47,41,,27,17,22,,22,15,19,,15,10,13,,10,7,8,,5,3,3,,,,,,,,,,,,,,,,,,,
Central,WB,Chigwell,Grange Hill,,,,,,,3,3,6,,12,9,11,,8,4,5,,3,3,,5,4,5,,6,4,6,,7,6,8,,10,8,11,,14,11,16,,28,23,32,,32,22,30,,29,25,16,,35,29,29,25,,12,11,,16,13,17,,13,9,11,,8,5,7,,4,3,4,,1,,,,,,,,,,,,,,,,,,
Central,WB,Grange Hill,Hainault,,,,,,,5,5,12,,14,16,,15,13,14,,5,4,5,,6,5,6,,6,4,5,,7,5,7,,8,6,8,,11,9,13,,18,15,22,,19,14,17,,6,7,,8,7,7,6,,4,3,5,,8,7,9,,8,6,6,,4,3,3,,1,1,1,,0,,,,,,,,,,,,,,,,,,
Central,WB,Hainault,Fairlop,,43,54,81,195,120,123,87,86,88,90,68,89,129,105,54,137,60,31,45,36,31,29,19,29,29,24,25,24,23,14,43,22,19,18,18,19,17,12,12,10,40,12,14,49,16,12,26,24,22,14,14,20,11,15,13,10,9,5,4,6,6,5,3,5,4,4,3,3,3,3,2,2,4,2,1,,,,,,,,,,,,,,,,,,,,
Central,WB,Fairlop,Barkingside,,52,137,68,244,157,148,108,164,86,106,94,178,106,138,126,85,78,70,38,46,46,38,25,34,37,63,21,28,32,28,28,25,28,46,15,24,26,15,16,18,28,18,20,61,22,22,23,31,32,29,18,17,16,21,17,13,11,7,9,5,7,7,4,7,7,6,4,5,4,4,3,3,5,2,2,,,,,,,,,,,,,,,,,,,,
Central,WB,Barkingside,Newbury Park,,99,86,107,162,354,131,200,140,104,223,124,148,151,392,111,112,109,85,71,58,39,55,36,44,44,85,42,25,36,40,75,32,22,76,32,20,34,21,21,25,39,22,28,,19,29,50,27,42,42,24,22,20,25,22,33,9,8,13,10,6,10,9,6,8,8,5,7,6,4,4,6,3,4,2,,,,,,,,,,,,,,,,,,,,
Central,WB,Newbury Park,Gants Hill,,152,131,161,213,515,273,193,319,172,213,186,239,177,214,191,149,182,98,114,74,58,58,54,52,49,74,46,71,42,44,65,42,39,40,52,34,49,24,31,27,39,37,32,70,34,36,48,46,64,31,54,28,31,22,38,33,28,16,14,18,15,9,9,9,8,8,8,8,9,5,8,13,4,7,3,,,,,,,,,,,,,,,,,,,,
Central,WB,Gants Hill,Redbridge,,216,365,157,304,711,389,391,276,303,340,274,282,287,336,293,351,194,151,219,171,75,138,73,120,85,124,82,77,121,75,70,107,67,63,101,61,60,59,45,60,49,66,56,108,74,54,76,71,74,65,66,58,42,49,47,53,48,40,25,32,22,31,14,16,26,15,10,20,12,14,13,11,18,7,4,,,,,,,,,,,,,,,,,,,,
Central,WB,Redbridge,Wanstead,,182,406,264,227,797,426,442,467,255,383,306,300,411,386,338,289,238,298,240,134,128,123,116,104,101,141,97,136,95,87,91,127,79,74,119,72,66,69,70,48,52,119,59,79,123,67,81,64,134,84,55,74,67,42,54,68,54,46,29,37,24,33,21,18,18,18,17,15,14,18,15,13,21,8,5,,,,,,,,,,,,,,,,,,,,
Central,WB,Wanstead,Leytonstone,,,159,274,371,415,449,490,503,349,294,458,354,348,459,398,319,394,219,264,162,141,136,128,116,112,157,107,151,105,97,101,141,87,83,132,77,75,112,56,73,62,89,68,93,138,69,93,97,95,93,92,81,54,66,60,77,68,41,38,48,26,38,24,20,21,21,20,17,16,41,11,14,25,9,11,7,,,,,,,,,,,,,,,,,,,
Central,WB,Leytonstone,Leyton,,,197,225,326,397,482,442,422,468,398,503,463,459,503,518,419,409,339,275,195,175,163,151,171,137,158,133,192,124,119,119,132,101,100,146,93,89,109,89,90,77,99,109,97,118,131,130,117,166,115,108,147,101,77,81,57,53,48,42,36,32,36,28,30,23,23,23,21,19,21,18,19,20,15,11,9,,,,,,,,,,,,,,,,,,,
Central,WB,Leyton,Stratford,,,212,340,364,450,569,523,493,528,453,644,463,576,510,720,438,487,425,336,232,209,189,178,206,160,157,186,176,164,137,132,153,118,118,172,109,106,130,105,105,91,114,122,111,132,148,152,132,156,157,125,165,122,92,96,69,66,60,52,44,40,44,34,31,35,28,28,26,24,26,22,23,25,20,14,9,,,,,,,,,,,,,,,,,,,
Central,WB,Stratford,Mile End,,,254,282,228,386,668,452,418,473,450,496,469,459,468,681,411,469,426,342,251,227,211,202,235,185,176,211,202,192,157,161,186,152,148,179,170,140,171,180,131,137,173,175,162,230,174,216,223,184,216,209,185,169,153,117,99,100,89,79,70,65,75,59,54,67,54,53,50,48,50,46,48,40,41,28,16,,,,,,,,,,,,,,,,,,,
Central,WB,Mile End,Bethnal Green,,,237,437,265,429,584,648,482,644,506,478,610,533,519,670,586,474,493,423,354,261,247,236,227,254,210,237,195,277,189,179,179,213,171,167,256,166,161,211,184,156,170,252,185,223,237,207,249,251,244,203,225,241,153,158,118,116,104,90,80,70,64,72,56,66,56,54,52,50,45,47,52,42,44,32,20,33,,,,,,,,,,,,,,,,,,
Central,WB,Bethnal Green,Liverpool Street,,,398,255,308,415,533,652,598,551,504,492,723,556,548,629,656,536,539,466,387,284,263,252,241,274,220,252,208,297,198,192,193,223,179,177,270,174,171,223,185,164,207,219,192,239,244,215,260,265,259,220,248,268,169,176,130,126,112,98,86,75,68,80,60,59,72,60,56,56,52,55,47,47,48,33,32,17,,,,,,,,,,,,,,,,,,
Central,WB,Liverpool Street,Bank and Monument,,,,185,235,334,452,563,518,492,534,453,677,548,530,548,793,470,540,498,410,306,291,280,267,307,254,290,246,357,235,226,230,266,210,214,324,208,205,259,220,226,203,256,271,234,284,314,315,288,427,303,284,384,280,210,215,159,157,139,119,106,98,108,86,100,84,82,82,78,72,76,65,66,73,53,36,34,,,,,,,,,,,,,,,,,,
Central,WB,Bank and Monument,St. Paul's,,,,156,237,231,522,402,433,428,538,381,568,472,461,479,708,434,511,475,404,304,288,279,273,325,263,262,315,305,293,244,242,286,237,232,283,272,230,274,243,247,232,276,255,311,315,293,450,333,407,417,333,438,336,245,216,216,178,150,133,118,108,122,94,88,105,85,82,82,74,65,88,72,57,62,46,38,,,,,,,,,,,,,,,,,,
Central,WB,St. Paul's,Chancery Lane,,,,181,162,242,334,426,396,365,394,382,500,406,405,423,631,392,481,445,322,356,280,272,269,267,314,264,312,316,307,252,253,298,242,241,298,297,243,256,315,228,285,306,276,348,371,335,426,448,472,484,388,425,467,283,238,250,206,174,155,137,125,140,108,102,120,97,94,91,86,77,79,82,88,69,50,34,,,,,,,,,,,,,,,,,,
Central,WB,Chancery Lane,Holborn,,,,151,209,215,240,527,371,331,363,350,442,355,357,359,450,395,335,378,355,271,263,262,260,313,260,264,325,319,312,255,256,301,245,245,304,295,243,307,329,240,258,335,342,312,471,365,475,516,454,544,528,468,427,386,280,239,243,205,175,155,142,158,122,114,133,107,104,98,93,99,87,90,76,79,58,36,,,,,,,,,,,,,,,,,,
Central,WB,Holborn,Tottenham Court Road,,,,120,150,175,243,304,290,323,294,273,301,319,274,273,338,254,310,291,222,261,215,214,214,215,259,219,266,274,273,224,227,267,217,218,273,263,229,284,253,257,241,305,330,293,387,420,383,479,519,515,418,462,499,309,310,239,236,211,185,164,154,174,134,128,156,126,123,120,112,98,102,104,82,81,60,56,69,,,,,,,,,,,,,,,,,
Central,WB,Tottenham Court Road,Oxford Circus,,,,114,208,131,216,293,330,249,325,257,275,293,252,241,257,256,215,233,222,209,172,177,178,178,213,189,224,192,288,200,192,196,238,195,197,307,207,219,280,211,263,246,299,322,353,382,352,442,474,468,379,425,469,287,255,273,236,212,198,185,173,168,193,156,159,203,168,163,156,136,134,134,105,112,83,56,107,,,,,,,,,,,,,,,,,
Central,WB,Oxford Circus,Bond Street,,,,163,128,144,172,374,279,314,297,276,299,300,254,272,245,242,213,226,173,192,155,150,148,147,175,148,182,186,187,157,165,194,160,166,202,201,213,191,200,211,190,243,259,236,295,322,354,364,334,477,332,361,420,268,243,218,221,200,181,170,161,157,176,146,178,157,156,157,148,132,132,132,105,114,87,61,122,,,,,,,,,,,,,,,,,
Central,WB,Bond Street,Marble Arch,,,,135,93,126,179,245,307,297,269,260,278,283,233,219,220,215,179,189,170,155,123,121,119,117,139,122,144,125,189,134,133,138,168,141,146,228,154,164,217,189,164,185,275,208,271,293,278,420,307,366,367,296,374,251,254,198,203,191,175,165,157,152,181,144,148,182,155,151,150,139,143,117,117,126,92,98,65,,,,,,,,,,,,,,,,,
Central,WB,Marble Arch,Lancaster Gate,,,,102,116,105,120,211,267,249,235,256,202,272,193,175,179,175,148,160,121,134,107,101,99,98,117,99,122,128,130,111,119,144,119,125,161,156,138,182,157,164,181,165,214,235,216,280,305,326,345,354,294,336,372,238,219,233,177,186,175,162,155,150,171,141,174,147,149,151,144,128,135,139,113,127,104,74,78,,,,,,,,,,,,,,,,,
Central,WB,Lancaster Gate,Queensway,,,,,65,87,138,195,250,241,230,247,198,267,188,173,182,177,125,158,142,126,100,98,96,95,111,97,121,102,124,132,110,111,139,117,122,189,130,139,184,156,142,182,200,217,202,266,297,307,285,419,290,270,366,266,207,217,170,181,170,154,152,146,168,134,139,166,142,141,142,128,138,114,118,130,103,73,77,,,,,,,,,,,,,,,,,
Central,WB,Queensway,Notting Hill Gate,,,,,61,107,103,180,223,210,242,216,175,246,180,163,151,203,120,144,134,119,93,90,88,86,105,87,90,111,112,114,99,101,124,108,109,134,136,124,151,138,145,146,177,171,213,240,262,291,262,325,313,250,328,253,189,175,184,163,145,138,132,125,145,118,118,143,121,121,122,109,97,128,108,85,99,73,70,,,,,,,,,,,,,,,,,
Central,WB,Notting Hill Gate,Holland Park,,,,,71,66,110,157,204,195,179,189,174,205,151,144,131,147,123,124,91,98,74,68,66,64,76,67,84,73,90,96,81,84,104,87,94,146,101,107,143,152,115,131,174,186,176,279,214,271,288,301,299,241,265,294,185,160,150,150,135,126,120,114,127,109,129,108,109,113,104,98,105,90,96,111,93,70,50,,,,,,,,,,,,,,,,,
Central,WB,Holland Park,Shepherd's Bush,,,,,70,85,85,151,187,175,191,171,152,158,156,132,121,141,101,121,104,73,79,63,57,59,70,61,63,81,81,85,74,79,95,83,87,110,110,102,129,119,125,124,161,182,169,222,237,265,276,242,286,277,246,226,209,154,139,145,131,122,112,109,124,106,99,123,102,104,98,94,85,111,74,106,91,68,48,,,,,,,,,,,,,,,,,
Central,WB,Shepherd's Bush,White City,,,,,55,66,81,122,157,143,132,172,126,128,131,109,102,117,84,95,67,63,54,40,38,38,37,46,41,50,44,71,52,54,69,60,66,85,88,79,88,110,84,110,129,141,138,180,200,220,232,200,233,223,201,181,141,146,108,112,107,101,93,91,108,85,83,101,85,83,82,80,73,76,81,70,77,59,42,,,,,,,,,,,,,,,,,
Central,WB,White City,East Acton,1,3,8,14,43,42,61,70,142,102,130,95,94,80,82,56,72,49,43,32,42,31,29,29,29,31,33,35,38,41,44,59,52,58,62,52,70,94,98,85,96,109,124,114,128,183,196,151,231,253,258,275,221,214,246,283,156,149,162,98,123,126,110,92,133,107,101,102,100,97,79,72,83,115,102,83,76,61,70,46,,,,,,,,,,,,,,,,
Central,WB,East Acton,North Acton,,2,8,9,37,43,55,59,99,109,96,93,82,78,64,56,51,54,34,33,38,27,27,27,28,29,26,41,35,37,41,55,48,54,57,51,67,72,90,79,112,96,91,125,117,160,173,139,267,196,247,260,212,207,232,256,155,166,107,110,124,110,85,101,123,95,77,120,87,82,69,80,58,105,95,78,71,62,46,49,,,,,,,,,,,,,,,,
Central,WB,North Acton,Hanger Lane,,,,12,,67,43,70,197,103,78,123,84,110,75,63,36,69,39,21,27,72,17,21,25,37,19,39,33,45,27,112,35,71,41,52,66,102,72,72,90,141,105,126,152,166,189,212,240,256,256,415,413,235,354,682,180,160,230,92,176,173,102,152,156,126,88,257,130,114,83,75,68,93,155,69,108,49,64,50,,,,,,,,,,,,,,,,
Central,WB,Hanger Lane,Perivale,,,,,24,46,76,59,70,90,94,67,96,64,83,52,25,35,28,21,19,26,17,18,19,20,22,35,26,28,32,51,37,40,45,48,51,58,95,66,71,81,136,103,119,138,160,177,201,212,236,346,228,329,320,275,258,151,129,113,101,133,136,126,80,114,119,106,101,96,94,53,53,72,67,112,53,81,32,41,,,,,,,,,,,,,,,,
Central,WB,Perivale,Greenford,,,,,22,43,72,46,66,155,62,94,64,92,86,34,30,34,24,21,18,17,24,18,17,14,19,33,35,19,26,48,50,27,37,46,70,39,85,62,63,71,108,91,157,85,127,225,177,186,160,320,211,282,274,236,210,125,158,91,82,129,117,80,108,72,188,63,165,88,78,53,51,46,63,108,47,73,29,37,,,,,,,,,,,,,,,,
Central,WB,Greenford,Northolt,,,,,12,26,47,31,40,113,64,41,67,66,34,30,20,15,15,13,11,17,11,12,13,14,14,15,24,19,19,21,35,27,28,32,34,41,63,45,46,57,88,67,76,91,96,107,119,135,131,143,212,137,169,168,285,85,73,72,66,93,86,53,77,77,66,44,128,62,54,37,31,32,80,38,60,29,42,34,19,,,,,,,,,,,,,,,
Central,WB,Northolt,South Ruislip,,,,,13,19,38,47,18,66,76,32,35,70,28,15,15,17,7,12,12,7,7,10,9,9,10,10,7,12,14,15,11,18,21,21,15,23,26,25,29,31,26,42,32,50,64,58,50,149,56,158,91,72,50,133,62,32,34,45,21,38,41,32,22,57,19,27,28,25,24,15,13,13,33,16,25,12,17,14,7,,,,,,,,,,,,,,,
Central,WB,South Ruislip,Ruislip Gardens,,,,,3,16,,19,21,29,50,27,51,25,20,19,7,11,6,5,7,4,5,6,6,4,7,7,8,8,6,9,11,11,8,13,15,14,10,17,20,20,15,24,30,31,23,36,40,44,50,52,51,51,46,38,35,33,18,17,17,16,22,21,20,18,12,16,17,27,9,12,9,7,11,21,10,15,7,9,7,,,,,,,,,,,,,,,
Central,WB,Ruislip Gardens,West Ruislip,,,,,1,,21,13,19,48,20,21,41,18,27,9,19,6,12,4,5,3,4,5,4,3,5,5,5,6,6,4,8,8,5,8,9,8,7,12,14,15,17,11,19,19,12,18,20,21,23,22,23,45,12,17,35,10,13,13,12,12,12,7,11,10,9,5,8,15,6,3,7,6,6,11,5,7,4,5,3,,,,,,,,,,,,,,,
Central,WB,North Acton,West Acton,,6,4,14,11,9,22,29,24,47,55,49,78,60,84,55,62,54,36,69,56,16,52,29,26,19,30,33,31,22,34,38,75,27,43,52,49,35,115,66,66,76,89,89,71,238,85,129,151,149,167,186,124,118,168,150,130,120,73,97,81,65,60,59,55,55,54,56,51,35,50,52,47,41,39,70,35,56,25,32,,,,,,,,,,,,,,,,
Central,WB,West Acton,Ealing Broadway,,7,5,15,12,14,13,24,37,42,36,62,51,75,51,75,63,34,84,38,56,19,53,30,27,19,30,33,32,22,34,38,74,26,41,50,47,32,107,61,62,71,84,84,67,222,71,121,281,92,140,167,168,106,100,147,126,108,93,58,142,41,52,55,46,43,45,93,28,29,46,43,36,35,59,30,51,29,45,19,,,,,,,,,,,,,,,,
District,EB,Ealing Broadway,Ealing Common,9,18,14,24,73,92,52,150,165,98,219,157,337,174,171,327,121,188,78,66,118,54,99,52,89,46,89,45,84,44,81,45,87,46,90,48,87,46,87,47,88,44,110,129,68,69,167,153,72,167,196,89,94,179,69,111,93,34,57,32,46,25,44,25,39,22,36,21,35,18,29,14,18,8,11,8,4,3,,,,,,,,,,,,,,,,,,3
District,EB,Ealing Common,Acton Town,12,16,16,55,35,101,118,83,183,114,242,171,337,189,346,178,254,115,175,80,66,122,59,105,56,93,54,100,51,43,99,86,47,91,53,93,53,89,52,91,53,96,63,120,77,147,76,160,167,85,172,100,169,87,134,61,90,81,27,27,53,47,20,20,41,36,16,32,18,29,15,23,11,14,7,8,7,3,,,,,,,,,,,,,,,,,,5
District,EB,Acton Town,Chiswick Park,16,6,15,22,26,21,61,137,92,240,141,152,399,350,182,335,162,222,110,161,74,59,113,54,88,50,79,48,80,47,75,46,78,46,78,47,79,46,77,50,89,54,52,47,64,53,75,56,150,74,145,173,75,68,140,109,34,64,53,21,41,20,16,37,31,15,27,16,26,14,24,13,19,9,12,4,4,3,,,,,,,,,,,,,,,,,,7
District,EB,Chiswick Park,Turnham Green,7,6,34,17,28,24,46,154,114,239,168,363,229,397,219,351,163,221,109,161,75,60,116,57,91,52,85,51,86,50,81,49,82,47,79,48,79,46,77,50,88,54,54,48,66,54,80,52,167,167,87,190,92,72,135,105,65,30,52,25,35,19,28,15,24,13,21,13,20,11,19,10,15,7,11,8,2,,2,,,,,,,,,,,,,,,,,
District,EB,Richmond,Kew Gardens,,,22,44,62,42,141,215,138,205,479,235,201,169,226,156,57,69,134,109,51,108,48,103,55,118,59,114,59,118,58,109,53,103,51,101,52,111,57,120,63,149,140,85,183,108,194,131,244,133,242,120,99,192,68,62,112,40,29,56,21,42,21,22,21,53,52,26,23,51,36,17,26,12,7,12,3,2,1,1,,,,,,,,,,,,,,,,
District,EB,Kew Gardens,Gunnersbury,,,29,42,84,117,97,244,192,463,284,560,284,226,193,265,113,202,88,154,149,73,121,73,134,79,143,79,142,81,144,76,133,73,130,73,131,79,151,89,180,100,212,253,129,127,296,295,158,309,168,303,146,112,103,166,64,48,80,32,47,26,21,25,46,28,50,29,47,25,37,18,25,12,14,6,3,4,1,0,,,,,,,,,,,,,,,,
District,EB,Gunnersbury,Turnham Green,,,37,56,80,148,193,154,365,295,689,368,328,333,488,175,133,301,238,91,198,190,85,163,104,172,112,174,109,175,109,167,101,155,98,153,97,159,110,181,129,248,156,270,188,347,207,422,231,471,467,211,406,198,150,129,107,151,55,79,41,63,36,27,34,59,34,57,34,52,28,40,21,27,13,13,6,2,3,1,,,,,,,,,,,,,,,,
District,EB,Turnham Green,Stamford Brook,25,11,29,47,43,59,94,185,321,244,559,337,420,336,517,242,366,163,176,246,129,119,125,117,116,115,115,118,113,113,110,110,103,102,98,100,97,98,101,109,113,134,109,119,125,148,147,169,235,232,241,353,157,197,183,95,105,121,56,46,48,41,28,35,34,32,34,35,35,33,29,26,22,17,13,9,4,5,3,,1,,,,,,,,,,,,,,,
District,EB,Stamford Brook,Ravenscourt Park,24,16,32,37,42,68,102,173,235,309,428,466,372,472,440,342,291,239,220,181,159,142,137,128,126,125,125,128,123,123,120,120,112,110,106,108,104,105,109,118,122,143,115,125,132,155,157,180,238,248,370,251,224,158,189,148,113,87,74,58,49,44,41,28,36,37,37,38,37,35,32,28,23,18,14,10,6,3,3,,1,,,,,,,,,,,,,,,
District,EB,Ravenscourt Park,Hammersmith,25,17,27,32,54,71,86,188,255,322,411,482,513,368,461,396,314,259,238,197,173,155,149,140,137,135,136,139,134,133,130,130,122,120,116,117,113,114,118,127,132,139,126,189,153,161,146,242,267,273,296,290,277,173,205,160,123,95,81,64,54,49,46,32,42,44,44,45,44,41,36,31,26,20,15,11,7,5,3,3,1,,,,,,,,,,,,,,,
District,EB,Hammersmith,Barons Court,18,16,45,36,65,86,81,191,238,423,383,422,351,478,462,402,340,217,382,219,183,184,180,176,178,173,173,172,172,167,167,163,159,153,151,148,148,146,152,158,171,188,166,183,195,203,218,216,304,296,328,469,223,264,252,193,166,144,117,75,132,76,67,51,66,68,75,81,87,89,85,74,62,48,33,22,21,11,11,6,2,,,,,,,,,,,,,,,
District,EB,Barons Court,West Kensington,19,20,32,50,47,82,83,182,227,283,344,421,481,493,357,437,372,288,252,218,198,184,181,173,173,168,168,166,167,164,163,158,156,151,148,145,147,146,150,156,170,177,151,232,191,212,237,183,309,489,321,312,328,297,190,215,176,136,118,101,90,79,76,53,70,71,78,83,88,89,86,75,63,49,34,23,21,11,12,7,2,,,,,,,,,,,,,,,
District,EB,West Kensington,Earl's Court,24,23,33,57,67,74,94,208,256,320,389,474,511,563,543,373,427,363,284,246,223,205,200,191,190,185,184,183,183,179,177,171,169,163,160,158,159,158,163,170,179,190,217,186,203,219,230,240,328,345,353,361,348,313,201,226,186,144,125,107,95,82,80,74,54,74,82,86,92,95,91,80,68,50,36,36,15,12,16,6,2,,,,,,,,,,,,,,,
District,EB,Wimbledon,Wimbledon Park,4,,27,16,32,116,50,64,91,157,131,121,115,125,52,60,37,35,35,34,44,49,49,51,52,57,55,53,52,54,52,52,51,52,53,55,57,62,67,75,83,96,121,142,160,178,196,145,150,160,154,146,182,123,97,84,70,56,36,53,29,43,44,41,40,40,44,46,47,45,43,35,27,21,22,9,8,5,1,1,,,,,,,,,,,,,,,,3
District,EB,Wimbledon Park,Southfields,,17,25,22,72,61,72,79,99,131,209,156,140,127,93,63,59,43,41,40,52,54,55,55,57,61,61,58,57,58,56,56,55,55,56,57,59,63,68,75,83,95,116,137,156,175,194,146,153,158,161,146,144,164,86,111,58,54,47,36,32,40,38,38,36,37,38,42,42,42,39,34,26,20,14,14,5,4,4,0,,,,,,,,,,,,,,,,2
District,EB,Southfields,East Putney,10,32,50,42,134,106,98,112,203,201,222,241,297,195,150,129,130,69,72,72,122,60,81,87,80,85,84,81,80,79,76,74,72,71,72,72,73,76,81,91,99,111,132,153,167,175,193,202,157,173,174,138,209,143,111,99,74,62,46,40,33,32,38,38,33,33,33,35,34,33,30,25,18,13,14,6,5,3,2,1,,,,,,,,,,,,,,,,
District,EB,East Putney,Putney Bridge,13,27,67,95,81,260,146,142,202,354,310,339,460,315,270,223,167,138,120,100,120,115,111,115,111,115,113,115,107,106,101,103,94,92,90,94,89,93,97,108,115,125,143,170,185,199,235,253,157,204,215,194,180,218,141,113,99,78,48,64,32,44,43,39,38,37,37,38,38,36,34,29,23,17,13,8,7,3,1,0,,,,,,,,,,,,,,,,
District,EB,Putney Bridge,Parsons Green,16,33,79,114,81,269,221,162,229,286,364,538,398,366,329,261,257,126,187,128,107,143,141,136,133,137,136,138,130,129,123,124,115,113,110,115,111,114,119,131,138,152,173,201,220,237,256,283,221,232,243,240,220,274,176,112,119,128,55,57,52,42,51,49,45,44,44,45,45,43,41,36,29,22,17,16,6,4,4,0,0,,,,,,,,,,,,,,,
District,EB,Parsons Green,Fulham Broadway,19,40,58,68,198,165,233,183,341,350,412,477,655,454,403,342,270,212,181,145,174,156,157,157,157,153,166,159,159,150,154,143,142,132,135,131,133,129,139,145,161,173,198,223,248,267,300,327,276,290,234,290,361,230,200,173,134,109,87,69,57,51,61,58,55,52,52,52,53,50,48,43,37,28,21,14,13,6,2,1,1,,,,,,,,,,,,,,,
District,EB,Fulham Broadway,West Brompton,21,45,63,75,222,159,261,268,283,351,468,701,522,499,642,297,297,338,210,168,162,193,197,184,184,181,195,190,191,182,186,175,173,163,167,163,164,160,172,180,213,232,265,295,327,331,370,396,317,323,349,343,312,283,330,160,205,108,102,91,71,66,80,77,72,68,68,67,67,63,60,53,46,36,28,19,18,8,3,1,1,,,,,,,,,,,,,,,
District,EB,West Brompton,Earl's Court,11,24,,79,88,178,578,191,269,514,440,517,743,528,471,426,333,268,224,193,220,206,201,207,200,207,207,213,208,210,203,201,192,190,182,185,181,188,191,208,235,274,298,340,370,395,416,454,358,384,387,389,366,329,279,237,184,146,119,99,83,76,92,94,91,90,87,87,81,77,71,67,57,47,36,25,15,12,5,1,1,,,,,,,,,,,,,,,
District,EB,Kensington (Olympia),Earl's Court,,,,8,4,8,,,,1,,,,,,,,,,,,,,,,,,,,,,,,,,,,,,,,,,,,,,,,,,,,,,,,,,,2,,2,,,,,,,,,,,,,,,,,,,,,,,,,,,,,,,,,
District,EB,Earl's Court,High Street Kensington,,5,12,18,25,44,94,216,168,190,251,542,316,558,281,466,213,318,163,270,141,254,143,248,140,245,138,244,137,238,131,228,129,224,125,224,129,224,131,243,152,278,170,339,208,374,217,389,196,318,179,289,162,287,149,226,116,168,82,42,69,28,61,55,41,103,59,101,55,91,49,78,39,55,25,16,8,6,4,1,0,,,,,,,,,,,,,,,
District,EB,High Street Kensington,Notting Hill Gate,,,18,51,71,60,135,105,240,182,380,268,522,292,487,259,365,180,257,142,217,128,219,133,222,128,222,131,224,128,219,126,215,123,212,124,220,128,224,138,255,158,292,190,371,221,407,236,392,211,362,200,347,188,306,148,222,103,156,79,131,70,118,67,117,64,112,64,108,59,100,53,80,38,52,20,21,,,,,,,,,,,,,,,,,,,
District,EB,Notting Hill Gate,Bayswater,,,17,43,59,48,105,77,174,128,272,190,372,206,348,181,256,126,182,97,143,81,134,80,132,76,131,78,134,76,130,77,134,78,136,80,139,82,141,87,161,100,183,118,240,144,260,151,256,134,238,134,231,125,205,96,144,69,108,55,91,48,80,44,76,43,75,44,76,41,70,38,57,27,38,15,14,,,,,,,,,,,,,,,,,,,
District,EB,Bayswater,Paddington TfL,,,17,42,57,35,100,145,82,94,283,303,180,355,198,312,160,230,118,202,96,82,160,76,124,71,120,72,124,71,121,72,123,71,126,74,129,76,131,80,147,80,168,216,114,119,270,284,121,107,257,221,109,212,111,159,79,123,59,51,97,44,75,40,68,39,69,40,69,38,64,34,52,24,34,13,12,,,,,,,,,,,,,,,,,,,
District,EB,Paddington TfL,Edgware Road,,,11,,14,33,22,44,34,67,62,138,88,163,93,135,72,108,60,95,49,73,40,61,32,56,30,54,30,54,29,54,30,52,29,52,29,51,28,53,32,64,36,68,56,103,56,107,57,65,43,72,43,76,41,56,28,37,21,37,19,33,18,27,14,26,15,27,15,27,14,23,11,18,8,11,4,,,,,,,,,,,,,,,,,,,
District,EB,Earl's Court,Gloucester Road,34,,58,106,79,105,194,177,279,380,468,483,630,551,629,489,488,358,362,272,271,251,278,219,248,202,233,200,228,189,216,181,205,169,192,163,189,162,194,177,222,211,283,222,276,264,327,311,388,359,433,375,408,315,320,231,215,154,147,128,130,94,99,81,91,78,95,85,103,86,100,77,79,52,46,34,76,22,,,,,,,,,,,,,,,,,,
District,EB,Gloucester Road,South Kensington,,56,120,69,81,127,162,208,245,467,410,565,548,657,555,591,446,440,330,326,248,312,240,277,223,254,208,251,205,244,198,236,192,222,179,217,179,215,185,234,208,278,261,283,264,336,296,388,418,372,478,400,376,407,299,292,209,198,144,175,123,128,97,108,87,105,90,115,98,117,94,106,75,73,45,52,50,26,,,,,,,,,,,,,,,,,,
District,EB,South Kensington,Sloane Square,,59,104,63,112,120,125,272,236,357,483,567,538,675,570,620,467,465,343,343,254,318,242,279,226,261,219,266,227,270,225,271,225,260,218,267,226,276,242,301,269,354,333,356,339,421,395,498,459,559,501,579,461,481,365,358,255,245,181,228,166,178,138,158,127,147,126,162,141,171,142,160,112,110,68,56,74,82,35,,,,,,,,,,,,,,,,,
District,EB,Sloane Square,Victoria,,57,97,99,110,100,144,210,275,365,455,461,648,704,588,563,504,508,416,294,313,271,248,298,231,268,226,276,235,281,235,285,237,276,233,287,244,300,263,331,297,391,351,379,437,468,417,453,596,607,531,644,524,568,433,364,312,299,212,267,194,209,162,189,155,181,156,198,169,200,164,183,128,126,78,66,88,98,44,,,,,,,,,,,,,,,,,
District,EB,Victoria,St. James's Park,,37,92,186,74,99,175,171,335,281,411,528,594,548,692,564,502,533,448,313,264,276,298,225,261,211,248,212,255,209,249,210,246,200,239,202,247,208,256,224,280,241,317,294,312,290,369,351,432,390,471,410,453,353,375,282,225,192,194,166,173,128,147,118,138,112,139,122,151,124,149,115,118,82,78,47,78,101,45,,,,,,,,,,,,,,,,,
District,EB,St. James's Park,Westminster,,38,92,153,65,110,169,152,246,306,375,475,549,527,645,464,564,426,501,253,282,265,273,216,254,209,248,213,259,216,256,216,254,209,247,209,256,218,269,235,297,274,345,272,432,326,403,395,486,461,534,402,646,411,405,273,302,214,204,182,190,140,160,125,147,119,145,126,157,130,155,121,129,91,86,54,94,59,57,,,,,,,,,,,,,,,,,
District,EB,Westminster,Embankment,,30,57,129,71,62,126,153,201,208,319,406,459,425,541,442,395,423,349,249,253,185,238,191,218,180,216,188,228,192,229,192,227,187,219,187,227,193,237,210,267,239,320,290,325,365,322,364,458,403,485,424,464,368,382,278,224,229,153,159,175,122,139,110,128,104,125,109,135,111,133,104,111,74,73,58,54,50,65,,,,,,,,,,,,,,,,,
District,EB,Embankment,Temple,,31,61,122,75,75,105,189,167,251,342,407,414,540,481,557,446,446,323,319,227,215,198,230,181,212,177,219,183,221,184,225,184,220,182,225,188,230,200,256,222,281,262,354,267,333,318,392,347,437,472,383,381,418,310,311,228,220,139,210,154,165,131,155,123,153,127,164,136,167,130,149,107,110,73,72,72,67,86,,,,,,,,,,,,,,,,,
District,EB,Temple,Blackfriars,,31,49,105,93,71,92,131,185,217,240,442,364,467,427,493,390,389,279,272,196,185,169,194,157,185,154,192,164,197,166,204,171,202,169,210,180,219,194,251,222,282,263,361,273,341,325,415,375,455,418,485,393,422,336,330,207,235,175,214,160,182,145,172,139,169,141,181,152,185,145,166,122,124,85,81,63,160,53,,,,,,,,,,,,,,,,,
District,EB,Blackfriars,Mansion House,,,46,48,89,61,81,142,122,181,233,296,352,337,433,356,318,341,281,192,168,172,151,175,144,169,142,179,153,184,155,192,159,189,158,197,169,208,184,240,212,272,255,350,253,332,371,323,419,451,395,484,387,360,392,275,227,241,168,176,163,189,142,170,136,167,138,177,148,180,140,162,119,123,85,82,64,160,53,,,,,,,,,,,,,,,,,
District,EB,Mansion House,Cannon Street,,,42,88,49,54,83,98,118,128,239,192,268,318,333,280,264,237,232,166,165,124,162,130,155,128,157,135,167,140,174,145,177,148,182,154,192,166,216,190,245,221,305,268,286,342,352,282,520,390,456,406,447,362,379,288,236,211,213,154,203,154,177,140,169,137,173,146,184,148,175,133,147,102,104,69,84,90,108,62,,,,,,,,,,,,,,,,
District,EB,Cannon Street,Bank and Monument,,,41,70,38,67,70,69,137,115,162,215,250,239,297,253,274,205,201,152,154,116,151,122,145,121,147,128,158,132,162,139,168,140,173,148,182,157,205,183,233,209,292,270,288,271,356,329,405,378,461,393,434,347,354,267,265,196,201,152,204,153,179,140,170,136,170,143,182,148,177,136,154,109,115,76,71,100,122,60,,,,,,,,,,,,,,,,
District,EB,Bank and Monument,Tower Hill,,,43,71,52,43,58,60,75,94,113,135,132,190,202,165,162,179,123,132,101,89,124,100,121,100,125,109,135,114,143,123,150,125,157,134,167,145,194,174,224,200,284,249,265,316,354,312,334,450,444,373,432,357,370,282,238,212,207,156,211,159,189,147,181,145,182,151,192,156,188,144,164,117,125,83,79,112,136,68,,,,,,,,,,,,,,,,
District,EB,Tower Hill,Aldgate East,,,33,57,95,46,51,64,65,123,89,127,124,173,146,140,134,148,99,91,87,79,91,89,90,120,93,97,106,144,114,118,127,169,132,134,145,202,170,179,202,292,240,260,302,337,302,331,375,495,420,412,413,476,342,298,346,233,202,231,279,248,240,233,233,229,232,234,237,233,227,216,202,183,158,101,105,74,135,80,,,,,,,,,,,,,,,,
District,EB,Aldgate East,Whitechapel,,,30,55,90,39,42,67,50,97,65,72,112,112,73,106,76,58,52,62,48,48,63,64,66,93,73,75,83,116,93,97,105,144,114,114,123,174,146,157,177,263,221,243,283,321,292,317,359,479,405,399,403,464,342,292,266,278,192,206,261,235,229,225,221,217,220,218,221,216,210,197,185,172,158,98,82,124,75,78,,,,,,,,,,,,,,,,
District,EB,Whitechapel,Stepney Green,,,40,63,109,71,50,86,63,86,76,110,121,100,97,95,98,53,66,50,61,51,50,68,98,76,76,84,119,94,94,105,146,112,113,124,171,138,147,170,249,209,232,262,297,335,291,332,448,379,494,416,388,381,429,253,318,233,236,171,260,248,232,233,228,223,224,220,220,213,208,193,180,164,145,91,98,78,145,47,,,,,,,,,,,,,,,,
District,EB,Stepney Green,Mile End,,,39,50,109,141,38,86,77,68,89,82,144,91,83,84,86,46,57,45,55,38,46,62,85,66,68,76,108,86,88,98,136,105,107,118,165,134,146,155,231,260,220,245,292,336,286,323,436,389,478,339,495,381,324,305,320,221,244,178,200,255,238,227,222,216,217,211,210,202,197,181,162,156,201,70,140,60,139,104,47,,,,,,,,,,,,,,,
District,EB,Mile End,Bow Road,,,,61,56,168,51,73,116,64,104,124,125,103,100,116,76,59,49,43,52,42,41,55,78,62,63,69,101,81,85,93,135,108,110,118,171,138,146,167,253,214,234,280,428,279,309,418,369,501,424,436,430,402,458,326,285,323,224,244,230,280,271,260,254,249,246,245,238,232,222,214,196,194,169,110,124,97,91,124,74,,,,,,,,,,,,,,,
District,EB,Bow Road,Bromley-by-Bow,,,,60,98,76,67,70,84,73,83,148,101,124,82,110,78,54,46,50,39,38,40,70,56,57,62,89,73,76,84,120,97,100,109,153,125,129,146,217,185,199,233,340,310,321,254,537,307,458,418,498,340,466,364,384,238,304,219,231,217,264,256,245,239,234,231,230,222,216,205,197,180,171,157,137,87,92,99,118,70,,,,,,,,,,,,,,,
District,EB,Bromley-by-Bow,West Ham,,,,63,100,76,66,64,77,88,80,106,95,119,91,101,72,53,43,48,39,38,33,70,56,55,60,86,70,73,82,116,94,97,106,150,122,127,144,198,172,243,213,334,298,260,296,410,343,352,484,476,313,446,353,372,232,297,222,231,173,264,255,232,225,220,216,215,207,201,190,173,168,241,106,130,121,66,94,134,68,,,,,,,,,,,,,,,
District,EB,West Ham,Plaistow,,,,80,113,75,67,88,78,92,87,125,106,105,126,116,74,51,61,45,51,35,52,58,58,63,90,73,76,84,119,97,101,111,153,124,131,145,208,172,188,212,317,261,313,345,308,441,392,416,557,459,440,431,490,361,312,281,298,211,231,296,274,267,261,257,251,242,236,225,215,204,197,180,171,154,103,108,82,159,90,,,,,,,,,,,,,,,
District,EB,Plaistow,Upton Park,,,,56,107,152,68,66,81,93,103,94,127,105,124,92,76,60,61,43,43,43,44,57,60,63,89,71,74,82,115,93,98,107,147,118,126,139,199,164,179,201,300,246,278,325,338,315,435,384,497,434,411,423,466,290,371,271,267,211,228,221,269,263,241,236,231,221,215,204,194,183,165,162,223,104,125,84,75,162,83,,,,,,,,,,,,,,,
District,EB,Upton Park,East Ham,,,,52,88,145,91,50,101,71,92,82,107,116,107,68,91,59,43,42,48,30,44,47,46,48,70,56,58,63,92,74,78,85,120,96,102,110,159,131,144,161,244,204,229,267,300,281,307,339,427,367,435,286,395,298,251,284,192,166,186,227,208,200,201,192,186,184,175,169,157,149,136,130,122,118,74,64,100,62,66,,,,,,,,,,,,,,,
District,EB,East Ham,Barking,,,,51,86,127,76,55,90,64,86,79,102,103,77,73,64,64,35,45,34,39,32,31,41,56,43,45,48,68,55,58,64,92,72,76,84,118,95,102,117,172,146,159,184,264,190,264,195,323,356,288,293,281,259,291,208,221,135,174,125,178,169,157,156,149,144,143,135,130,119,112,100,95,87,81,53,58,48,91,30,,,,,,,,,,,,,,,
District,EB,Barking,Upney,,,,39,52,44,115,47,58,77,61,70,108,79,71,70,83,39,41,51,32,29,29,29,40,42,44,47,50,53,58,64,68,73,77,82,88,95,102,114,128,141,157,184,219,249,208,237,242,255,355,285,274,221,343,235,195,138,146,100,106,99,123,119,114,109,108,97,99,261,129,222,115,91,62,145,33,26,32,33,49,29,,,,,,,,,,,,,,
District,EB,Upney,Becontree,,,,22,48,68,53,66,45,67,61,87,69,71,92,64,54,41,55,36,31,31,27,27,37,39,40,43,46,49,54,59,63,66,70,74,79,85,91,103,115,127,141,164,181,200,240,197,215,236,241,246,342,198,220,214,239,123,129,80,101,94,108,105,100,96,95,85,87,229,114,196,102,80,54,129,39,19,28,31,43,25,,,,,,,,,,,,,,
District,EB,Becontree,Dagenham Heathway,,,,22,45,63,42,60,52,46,69,62,88,69,63,63,73,36,36,47,30,28,26,26,34,35,36,38,40,42,45,49,53,56,59,61,65,70,74,81,92,102,111,129,145,172,188,127,225,186,195,201,205,206,193,172,158,136,91,77,84,73,89,84,81,78,76,73,66,99,175,81,150,77,41,60,54,18,17,29,40,21,,,,,,,,,,,,,,
District,EB,Dagenham Heathway,Dagenham East,,,,21,32,52,64,27,35,45,54,51,58,58,55,67,41,33,29,25,23,29,15,18,24,24,25,26,27,28,30,31,33,35,36,38,41,43,46,50,56,62,69,81,92,100,122,103,109,115,124,171,132,108,133,120,105,122,62,52,48,50,58,52,49,47,46,45,41,63,115,53,99,51,28,39,35,15,12,13,30,18,,,,,,,,,,,,,,
District,EB,Dagenham East,Elm Park,,,,19,27,38,48,29,24,45,39,45,56,81,38,65,28,26,15,23,17,20,11,13,17,16,17,19,20,21,21,23,23,25,25,27,28,31,32,35,39,44,48,57,64,75,85,71,108,113,87,117,124,121,92,88,82,70,60,39,33,35,41,35,33,32,31,29,30,43,43,78,38,64,21,28,28,12,9,17,11,14,,,,,,,,,,,,,,
District,EB,Elm Park,Hornchurch,,,,14,21,30,35,25,28,26,51,50,56,59,55,49,34,21,17,16,19,14,11,11,10,13,13,14,15,15,15,16,15,16,16,16,17,18,18,20,22,24,25,30,33,38,40,36,76,40,54,61,63,47,49,63,42,38,34,19,24,17,21,20,17,17,16,15,16,23,23,43,21,35,12,15,15,7,6,7,14,5,,,,,,,,,,,,,,
District,EB,Hornchurch,Upminster Bridge,,,,12,,10,33,42,15,34,33,46,54,55,49,64,28,16,14,14,15,12,10,7,10,8,9,11,10,11,10,10,10,10,9,10,10,10,10,11,12,13,13,22,16,17,20,17,24,25,18,28,45,24,24,25,30,20,13,12,12,8,10,10,8,6,8,7,7,11,11,21,10,18,5,8,15,4,4,4,10,8,4,,,,,,,,,,,,,
District,EB,Upminster Bridge,Upminster,,,,,16,20,18,44,17,29,44,37,43,44,40,33,22,15,8,9,9,7,6,6,5,7,7,7,7,7,7,7,7,8,7,8,8,9,8,9,10,12,11,13,13,13,14,15,11,15,17,16,19,21,17,17,17,14,9,10,6,6,5,6,6,5,5,5,4,5,12,7,12,7,5,5,12,3,3,4,4,7,4,,,,,,,,,,,,,
District,WB,Upminster,Upminster Bridge,5,5,4,6,6,7,10,13,18,17,24,26,23,21,16,9,15,7,6,8,13,8,5,11,8,6,8,8,8,8,9,8,9,8,9,8,10,9,10,11,16,13,16,17,18,18,18,17,27,34,33,24,31,39,12,14,9,8,9,6,6,8,6,4,6,5,5,4,11,5,10,5,9,3,1,,,,,,,,,,,,,,,,,,,,,3
District,WB,Upminster Bridge,Hornchurch,4,8,8,15,11,15,21,19,35,30,41,43,38,33,26,19,13,12,9,11,12,11,11,10,10,11,11,11,12,12,13,12,13,12,14,15,17,17,19,20,25,20,20,34,21,31,23,20,22,31,33,29,21,34,13,12,10,6,8,6,6,6,6,5,5,5,5,4,7,11,6,9,5,3,3,3,,,,,,,,,,,,,,,,,,,,
District,WB,Hornchurch,Elm Park,18,12,21,24,24,30,42,50,78,62,72,149,67,71,65,62,25,29,22,23,23,20,19,18,18,19,19,19,20,19,19,19,19,17,19,20,22,23,24,26,29,25,28,30,30,30,27,26,37,36,25,32,29,20,13,22,9,7,11,9,8,7,7,6,6,6,6,5,8,13,7,11,5,4,3,3,,,,,,,,,,,,,,,,,,,,
District,WB,Elm Park,Dagenham East,42,25,41,48,59,59,90,108,113,126,179,178,158,146,121,100,78,51,56,51,41,39,37,37,35,27,36,34,33,33,32,31,31,28,29,30,31,31,32,31,32,36,30,33,34,27,46,33,31,44,41,27,30,26,21,18,11,14,13,11,10,9,8,6,12,6,8,8,10,18,9,13,7,10,3,4,,,,,,,,,,,,,,,,,,,,
District,WB,Dagenham East,Dagenham Heathway,64,53,67,69,75,116,111,143,154,170,178,175,167,150,123,130,82,72,67,72,66,58,54,50,49,49,48,46,47,47,46,45,45,43,42,44,44,45,46,48,49,40,44,45,45,48,63,40,52,51,47,43,35,29,36,31,20,17,21,17,15,14,13,12,11,10,10,9,13,12,21,11,18,8,5,4,,,,,,,,,,,,,,,,,,,,
District,WB,Dagenham Heathway,Becontree,115,84,97,137,113,172,166,217,231,234,248,240,242,221,203,163,140,114,135,108,103,94,91,87,84,61,81,77,73,73,71,69,67,66,64,65,65,65,66,63,66,68,55,56,64,62,68,66,55,91,68,46,54,61,39,42,30,33,22,24,36,21,19,15,27,12,14,15,18,18,32,15,25,10,7,6,,,,,,,,,,,,,,,,,,,,
District,WB,Becontree,Upney,125,194,115,174,148,175,211,273,279,281,295,277,289,348,197,262,144,186,129,132,131,113,111,102,97,94,93,87,87,86,85,83,80,78,76,76,75,76,77,76,82,85,53,67,68,68,92,56,75,102,57,68,63,70,45,41,47,30,34,33,28,25,24,23,20,18,18,16,16,41,20,33,17,24,7,6,,,,,,,,,,,,,,,,,,,,
District,WB,Upney,Barking,116,224,173,139,191,191,217,299,299,309,322,332,324,300,282,318,157,234,160,129,158,143,128,119,113,108,106,99,98,97,96,93,91,89,87,87,85,85,86,86,85,89,71,75,75,61,106,81,80,82,82,77,67,60,73,47,41,50,32,37,32,28,26,25,22,20,20,18,17,44,22,35,17,25,11,4,,,,,,,,,,,,,,,,,,,,
District,WB,Barking,East Ham,,117,199,221,221,216,245,359,276,239,364,306,333,267,298,221,176,170,187,162,140,136,166,118,112,107,104,129,93,91,93,122,90,87,88,114,85,83,85,116,91,98,82,89,110,75,110,94,88,94,113,85,76,71,76,53,59,52,43,51,45,39,37,36,33,31,28,28,24,24,22,21,17,16,16,11,11,,,,,,,,,,,,,,,,,,,
District,WB,East Ham,Upton Park,,303,258,194,270,326,290,401,344,342,352,364,434,322,379,275,240,268,195,216,192,169,217,155,149,145,142,133,124,118,160,119,116,118,158,115,110,111,149,112,107,116,168,104,112,117,97,147,119,108,112,130,77,98,73,75,70,61,54,48,87,53,51,50,37,68,32,38,36,31,28,26,20,18,39,9,12,,,,,,,,,,,,,,,,,,,
District,WB,Upton Park,Plaistow,,287,267,306,319,308,356,489,400,379,408,513,411,469,390,432,265,339,259,272,238,210,268,192,173,168,216,153,141,142,193,147,141,146,195,145,136,138,183,142,143,155,166,135,138,173,118,172,118,170,133,119,112,120,89,97,74,106,57,82,78,68,65,65,59,56,51,49,45,40,37,34,29,23,27,19,11,,,,,,,,,,,,,,,,,,,
District,WB,Plaistow,West Ham,,305,261,299,397,312,459,414,432,428,434,546,442,527,423,387,352,375,278,303,216,323,228,201,194,240,172,158,156,201,153,151,156,206,156,149,150,195,145,144,156,206,130,178,146,144,148,154,142,146,170,109,141,106,111,85,92,87,74,69,80,76,67,67,61,58,54,52,47,42,38,35,30,24,28,19,11,,,,,,,,,,,,,,,,,,,
District,WB,West Ham,Bromley-by-Bow,,189,395,239,244,268,396,353,448,372,379,386,389,477,355,330,361,253,281,206,219,277,188,177,169,208,152,137,131,169,130,125,129,170,130,125,126,164,125,123,132,183,111,116,153,125,121,105,160,124,112,111,130,92,79,78,114,59,63,80,66,62,60,57,54,51,48,46,44,42,39,36,32,26,19,21,12,,,,,,,,,,,,,,,,,,,
District,WB,Bromley-by-Bow,Bow Road,,184,338,222,302,251,381,370,450,329,485,348,492,406,461,364,378,287,311,192,330,229,192,194,237,164,160,150,138,179,138,132,136,179,137,132,133,172,132,130,134,186,144,120,162,131,111,133,131,155,119,112,136,100,89,83,91,82,69,63,74,67,61,58,55,51,48,46,44,42,38,36,30,26,29,14,12,,,,,,,,,,,,,,,,,,,
District,WB,Bow Road,Mile End,,140,343,296,231,319,320,359,485,389,390,423,530,430,530,415,351,319,333,243,332,185,286,203,179,246,173,127,211,150,141,144,191,141,140,144,187,136,134,143,190,142,153,165,131,134,139,141,139,135,130,159,116,103,95,107,97,83,63,93,62,66,65,91,58,42,57,55,49,46,41,38,31,26,31,22,8,,,,,,,,,,,,,,,,,,,
District,WB,Mile End,Stepney Green,,,160,233,194,341,252,299,419,270,338,445,366,453,386,456,342,283,256,269,231,198,185,173,219,153,142,141,180,129,126,130,173,128,123,126,165,119,116,121,161,124,131,109,116,142,97,149,130,122,104,148,114,119,74,100,94,75,54,81,71,61,59,58,55,53,52,51,49,45,42,38,33,27,22,24,15,15,,,,,,,,,,,,,,,,,,
District,WB,Stepney Green,Whitechapel,,,265,156,259,250,255,374,327,330,341,345,464,469,399,478,303,381,276,275,202,208,198,238,169,153,154,195,141,130,138,182,136,131,134,177,130,122,128,173,131,129,142,142,123,157,108,138,174,112,168,136,120,112,100,111,97,82,62,93,61,69,68,60,57,54,54,52,50,46,43,39,34,27,23,25,15,16,,,,,,,,,,,,,,,,,,
District,WB,Whitechapel,Aldgate East,,,200,199,217,241,238,288,398,335,325,361,462,388,495,403,357,321,331,220,233,200,179,231,172,154,152,196,143,127,129,174,131,123,126,169,126,116,120,161,124,120,131,141,114,118,152,109,159,111,164,134,122,117,102,88,91,74,62,56,67,62,60,58,55,53,53,51,50,48,45,40,36,30,23,26,17,9,,,,,,,,,,,,,,,,,,
District,WB,Aldgate East,Tower Hill,,,190,168,209,292,181,352,389,267,400,356,441,385,492,405,365,329,337,236,250,182,279,208,188,186,232,170,160,158,205,155,150,154,202,153,147,150,198,152,149,157,207,134,181,157,171,188,195,200,204,191,181,205,141,118,132,108,97,89,80,101,99,91,87,84,82,80,76,74,69,61,52,44,35,39,26,15,,,,,,,,,,,,,,,,,,
District,WB,Tower Hill,Bank and Monument,,,165,149,285,215,233,235,332,354,305,311,422,427,373,428,346,344,254,245,223,191,230,177,212,164,196,155,185,146,179,146,177,142,176,144,175,142,179,149,184,156,204,140,181,197,185,192,209,249,218,238,197,208,162,157,119,112,87,89,82,71,91,68,81,62,76,60,72,55,66,47,51,33,34,35,24,14,,,,,,,,,,,,,,,,,,
District,WB,Bank and Monument,Cannon Street,,,156,284,177,183,219,259,255,314,296,355,320,403,427,397,319,339,245,250,189,196,234,176,214,168,203,162,195,155,189,155,188,151,188,155,189,155,195,164,203,166,226,188,171,222,210,280,251,263,338,270,247,279,250,167,151,194,111,94,107,92,108,81,95,74,90,72,87,67,79,57,62,40,41,45,46,14,,,,,,,,,,,,,,,,,,
District,WB,Cannon Street,Mansion House,,,155,280,181,245,174,316,253,323,298,371,348,436,372,426,334,343,291,247,193,208,194,230,185,215,172,205,170,199,162,196,164,194,160,195,165,199,167,207,177,210,186,239,180,236,223,249,338,298,303,303,346,309,227,237,177,170,128,130,99,126,98,108,87,100,82,98,79,90,72,77,56,55,37,46,51,20,41,,,,,,,,,,,,,,,,,
District,WB,Mansion House,Blackfriars,,,114,273,242,180,205,257,250,328,294,364,324,406,418,400,323,351,251,257,201,207,195,232,187,218,177,212,176,207,169,204,171,202,168,205,173,209,177,219,188,224,190,247,223,248,248,289,315,345,418,352,392,314,323,245,241,176,172,130,137,122,113,132,100,115,95,112,91,103,82,88,62,62,53,52,39,26,50,,,,,,,,,,,,,,,,,
District,WB,Blackfriars,Temple,,,,104,202,220,185,236,245,342,301,331,410,369,532,358,394,312,299,223,238,210,196,241,196,233,188,226,187,224,182,222,182,220,180,220,183,226,190,237,203,253,221,291,220,293,274,316,435,383,392,496,478,369,332,303,300,203,198,177,151,136,129,151,115,135,108,129,102,118,92,101,73,74,50,64,48,28,56,,,,,,,,,,,,,,,,,
District,WB,Temple,Embankment,,,,204,196,159,170,228,274,256,325,306,383,331,390,390,357,267,270,209,221,168,227,187,221,178,212,180,217,176,212,180,216,178,216,185,225,190,236,207,259,221,287,261,272,260,363,337,383,517,444,451,531,407,428,324,324,239,232,181,230,142,185,152,164,134,157,131,151,118,131,98,102,71,70,57,53,34,61,,,,,,,,,,,,,,,,,
District,WB,Embankment,Westminster,,,,192,165,148,187,170,314,251,324,324,424,379,442,362,392,280,277,252,191,209,197,195,236,179,213,178,211,170,205,174,210,173,213,182,222,187,234,205,254,215,264,241,326,236,271,374,348,457,420,419,411,464,425,304,270,291,248,185,200,158,216,170,192,164,199,173,206,163,178,132,130,88,83,67,96,43,39,,,,,,,,,,,,,,,,,
District,WB,Westminster,St. James's Park,,,,151,167,181,153,209,268,265,357,332,459,475,396,454,361,353,256,261,201,213,249,197,239,191,227,188,228,185,220,186,226,185,226,195,241,204,256,224,282,240,311,270,299,320,305,426,409,427,474,566,465,510,408,426,327,326,249,255,191,205,242,180,216,179,220,187,230,186,210,158,161,108,105,85,80,58,54,,,,,,,,,,,,,,,,,
District,WB,St. James's Park,Victoria,,,,143,136,152,172,175,197,272,266,331,323,480,329,362,292,285,209,214,175,189,189,229,190,218,182,220,184,218,181,220,186,219,186,232,199,242,215,273,239,298,273,345,265,432,339,384,431,467,583,481,568,538,414,463,346,290,316,268,198,214,207,233,186,217,188,226,194,225,179,193,139,137,92,83,89,88,37,,,,,,,,,,,,,,,,,
District,WB,Victoria,Sloane Square,,,,126,151,234,146,256,245,344,359,488,480,579,481,538,486,325,332,247,286,265,215,322,263,294,245,286,237,278,226,271,231,266,225,280,238,287,253,314,270,316,285,494,283,362,342,378,493,447,562,503,612,492,459,506,373,374,284,283,226,292,188,254,207,231,197,241,207,245,198,219,156,152,103,124,75,97,44,,,,,,,,,,,,,,,,,
District,WB,Sloane Square,South Kensington,,,,116,229,137,148,183,242,255,356,364,481,424,499,488,417,299,300,225,245,195,226,282,226,269,218,261,212,252,202,248,208,249,207,261,221,270,234,297,255,315,273,375,322,287,375,352,463,417,451,582,475,458,518,394,411,310,314,238,252,230,211,255,198,236,196,245,204,248,197,224,161,164,104,99,105,104,33,,,,,,,,,,,,,,,,,
District,WB,South Kensington,Gloucester Road,,,,102,175,114,154,118,231,200,272,281,370,327,385,378,322,230,226,162,166,134,144,150,180,148,175,151,182,155,184,162,198,170,206,185,227,198,245,218,269,235,296,271,358,268,350,328,356,453,407,523,434,428,489,376,387,296,297,231,243,236,212,214,248,199,236,206,247,209,241,190,197,140,130,86,102,112,44,92,,,,,,,,,,,,,,,,
District,WB,Gloucester Road,Earl's Court,,,,75,139,139,128,98,199,174,255,249,291,360,308,429,262,253,186,177,130,143,129,127,156,128,151,131,161,134,163,142,176,150,184,161,202,174,216,193,243,211,273,256,343,256,344,318,349,465,406,427,518,426,474,375,401,298,254,280,203,221,259,198,227,186,224,190,233,195,228,179,190,136,131,87,107,81,46,97,,,,,,,,,,,,,,,,
District,WB,Edgware Road,Paddington TfL,,,,4,7,5,13,13,37,46,41,98,66,131,71,114,57,76,42,64,35,56,30,48,28,45,27,48,28,49,28,49,29,49,29,52,31,54,33,59,35,64,40,75,51,111,80,187,94,83,198,150,62,119,71,90,47,79,43,57,32,52,28,45,25,40,23,38,21,36,19,32,16,25,14,22,9,13,,,,,,,,,,,,,,,,,,
District,WB,Paddington TfL,Bayswater,,,,,11,28,26,71,56,127,105,237,157,302,166,269,133,186,97,149,82,129,73,119,71,114,68,115,70,116,68,114,67,110,66,116,70,118,73,127,79,142,87,157,104,204,136,255,161,285,173,292,159,250,140,201,99,160,85,122,64,102,56,90,50,82,48,77,44,73,42,66,32,47,26,37,15,23,,,,,,,,,,,,,,,,,,
District,WB,Bayswater,Notting Hill Gate,,,,,11,29,26,72,58,133,84,251,283,160,351,169,131,250,209,82,88,163,78,128,75,121,71,122,73,122,71,120,70,115,69,121,72,122,74,130,80,146,90,163,91,209,273,127,158,313,169,289,158,253,122,208,187,83,158,82,130,62,57,110,51,85,49,79,45,74,42,67,32,48,26,38,15,23,,,,,,,,,,,,,,,,,,
District,WB,Notting Hill Gate,High Street Kensington,,,,,20,23,63,56,126,101,225,176,387,239,444,234,363,163,237,115,183,94,156,86,154,84,148,86,155,86,154,87,152,86,154,89,161,91,164,96,179,108,204,119,237,147,274,174,337,195,342,217,368,195,317,177,243,124,197,102,145,78,131,72,123,67,117,63,108,58,99,53,83,39,63,33,41,18,,,,,,,,,,,,,,,,,,
District,WB,High Street Kensington,Earl's Court,,4,3,5,6,11,25,84,51,84,100,120,342,369,190,366,180,254,112,87,166,72,126,71,130,72,132,78,143,79,146,82,148,83,151,87,159,90,170,98,184,92,214,212,121,249,157,337,177,161,379,361,180,356,187,326,154,261,124,67,99,59,50,77,150,69,123,65,112,59,100,53,83,38,62,34,42,19,28,9,,,,,,,,,,,,,,,,
District,WB,Earl's Court,Kensington (Olympia),,,,,,,,,,,,,,,,,,,,,,,,,,,,,,,,,,,,,,,,,,,,,,,,,,,,,,,,,,,,2,,2,,,,,,,,,,,,,,,,,,,,,,,,,,,,,,,,,,
District,WB,Earl's Court,West Brompton,,,13,16,27,49,66,91,133,228,224,274,343,380,399,375,335,361,289,228,208,184,169,155,157,145,145,143,154,150,154,153,166,164,172,174,190,186,195,199,216,215,237,276,310,248,279,315,342,365,396,422,433,417,405,379,338,284,249,288,270,228,175,309,153,264,195,179,204,195,199,182,175,143,119,134,113,145,47,61,,,,,,,,,,,,,,,,
District,WB,West Brompton,Fulham Broadway,,,14,16,23,42,50,76,151,146,194,242,297,324,340,316,283,303,244,194,177,158,145,134,138,128,129,129,140,137,141,140,152,151,158,159,175,172,181,185,201,202,222,234,272,315,264,235,317,359,495,314,405,413,377,351,315,266,231,268,243,215,209,194,193,177,183,177,190,182,186,170,162,133,105,124,209,68,44,76,,,,,,,,,,,,,,,,
District,WB,Fulham Broadway,Parsons Green,,,8,15,27,24,57,66,83,122,197,147,294,265,262,261,240,267,146,166,220,90,111,113,109,103,104,106,113,111,115,115,124,126,136,139,151,150,156,157,173,176,196,208,241,261,218,259,279,236,424,334,329,339,323,305,278,246,211,188,223,198,178,166,166,153,159,155,166,159,162,148,141,107,91,217,93,61,52,69,,,,,,,,,,,,,,,,
District,WB,Parsons Green,Putney Bridge,1,2,4,23,14,23,47,44,105,107,133,172,203,221,236,303,159,222,183,136,118,106,94,93,93,91,90,94,97,98,97,102,105,110,114,123,127,131,131,136,144,155,165,185,209,241,196,176,232,247,336,277,283,221,271,342,176,188,171,193,168,152,142,137,131,128,123,130,132,133,130,129,115,99,81,103,79,62,90,30,,,,,,,,,,,,,,,,
District,WB,Putney Bridge,East Putney,2,3,5,23,14,18,43,50,66,88,153,144,176,201,207,197,178,190,108,116,99,81,73,72,73,72,71,75,78,79,78,82,84,87,90,96,100,103,104,111,118,129,139,156,178,194,158,178,199,210,222,234,236,230,217,207,186,165,140,126,144,130,114,109,104,101,96,102,102,102,99,98,87,74,61,73,62,95,36,49,38,,,,,,,,,,,,,,,
District,WB,East Putney,Southfields,3,5,5,20,22,16,28,60,66,84,111,143,173,181,187,244,155,121,134,106,82,72,66,63,64,64,64,65,68,67,67,67,69,70,73,75,78,80,82,84,89,96,103,123,133,110,171,143,114,155,214,156,155,157,152,138,104,146,75,103,96,78,74,67,65,60,59,58,62,59,59,56,54,47,41,31,44,66,24,33,26,,,,,,,,,,,,,,,
District,WB,Southfields,Wimbledon Park,,3,7,24,23,25,32,43,62,107,108,141,180,205,206,199,235,138,103,116,95,75,68,65,64,61,61,62,63,61,59,59,59,59,60,62,63,64,65,71,75,79,84,92,96,115,126,82,111,116,110,109,106,101,93,87,78,68,58,51,58,49,41,36,34,31,31,30,31,29,29,27,26,22,19,24,23,17,15,22,15,,,,,,,,,,,,,,,
District,WB,Wimbledon Park,Wimbledon,,5,5,29,25,19,29,62,56,77,153,152,139,211,299,207,177,153,151,115,91,82,72,68,65,64,61,62,63,63,59,57,56,56,56,59,59,61,61,65,68,73,75,84,96,106,85,93,96,97,94,93,91,88,78,74,67,59,49,43,48,42,34,30,26,24,22,22,21,21,19,19,17,16,14,13,16,15,22,9,12,,,,,,,,,,,,,,,
District,WB,Earl's Court,West Kensington,,7,14,22,34,58,96,89,132,156,139,340,290,288,233,469,280,163,146,120,101,90,83,107,112,112,115,118,125,123,128,129,138,138,144,145,157,157,165,173,189,199,224,229,256,268,265,312,522,276,392,466,417,329,631,295,323,306,258,227,130,122,148,132,175,163,162,160,164,160,153,143,129,105,90,53,44,64,25,27,,,,,,,,,,,,,,,,
District,WB,West Kensington,Barons Court,,9,13,22,54,32,159,74,109,154,138,229,269,299,304,299,265,225,135,110,96,87,79,103,101,103,105,113,110,117,116,122,122,133,131,139,142,149,150,163,169,186,201,219,228,253,261,288,332,362,279,393,397,365,356,331,303,272,245,164,148,91,164,117,140,144,137,140,139,142,133,127,114,101,83,42,54,43,29,20,,,,,,,,,,,,,,,,
District,WB,Barons Court,Hammersmith,,10,14,15,28,30,34,65,97,139,132,229,273,311,301,303,395,165,128,115,93,83,75,95,93,94,95,103,102,108,107,113,114,123,120,128,130,136,139,152,160,180,195,214,225,250,256,285,306,362,375,296,397,386,347,320,295,261,228,158,189,85,115,115,132,133,130,132,131,134,128,123,112,98,80,41,52,41,28,19,,,,,,,,,,,,,,,,
District,WB,Hammersmith,Ravenscourt Park,,9,12,12,22,22,33,36,63,89,122,156,192,240,239,167,314,173,92,89,82,75,71,73,90,95,88,97,95,102,101,110,110,119,118,127,126,131,134,147,149,166,177,196,212,223,245,403,313,325,268,360,367,339,334,324,290,198,356,163,138,107,95,110,134,128,126,131,128,128,122,115,99,87,72,47,36,39,28,28,28,,,,,,,,,,,,,,,
District,WB,Ravenscourt Park,Stamford Brook,,8,11,18,14,18,27,35,57,79,83,136,171,181,201,186,181,150,97,80,75,61,63,82,80,80,88,85,94,91,99,97,109,105,114,113,123,117,129,130,142,149,172,185,208,231,257,271,296,325,341,255,345,338,312,288,269,239,219,190,105,118,88,94,128,115,116,114,121,113,114,104,96,81,71,43,37,39,28,19,36,,,,,,,,,,,,,,,
District,WB,Stamford Brook,Turnham Green,,9,12,18,14,27,21,35,53,80,110,99,166,176,190,174,160,141,122,60,70,89,61,59,79,78,84,81,90,86,95,92,104,100,108,107,117,111,123,124,135,141,164,175,196,216,242,252,275,300,313,232,313,306,282,260,243,216,192,172,119,85,79,88,114,101,103,101,106,99,99,89,83,69,62,38,32,35,38,13,33,,,,,,,,,,,,,,,
District,WB,Turnham Green,Gunnersbury,,,5,4,6,23,45,30,53,147,87,127,295,178,362,206,348,174,264,130,197,91,171,164,83,161,93,163,96,169,100,176,107,187,109,196,115,196,116,207,120,222,140,273,170,335,174,380,390,217,431,163,482,240,222,435,206,356,162,137,281,107,89,189,175,71,81,160,86,149,83,141,75,109,51,77,37,54,46,30,,,,,,,,,,,,,,,,
District,WB,Gunnersbury,Kew Gardens,,,2,5,5,20,13,24,62,51,118,50,198,240,112,116,235,185,81,149,77,131,65,129,133,67,135,79,144,83,148,87,154,90,161,94,165,95,164,97,170,102,188,127,234,151,291,158,324,374,178,181,212,375,127,339,179,270,131,220,102,84,154,71,112,61,100,56,102,59,102,54,91,45,63,31,51,24,32,28,,,,,,,,,,,,,,,,
District,WB,Kew Gardens,Richmond,,,2,4,4,13,11,30,28,72,52,66,91,176,103,197,96,148,68,112,96,45,90,46,92,95,49,100,59,108,62,117,68,128,72,131,74,133,73,136,79,142,87,173,107,206,129,253,143,290,157,140,138,280,122,124,229,120,194,92,76,155,56,46,92,75,33,66,38,68,37,65,35,61,26,20,44,30,13,,18,,,,,,,,,,,,,,,
District,WB,Turnham Green,Chiswick Park,,,7,10,14,22,14,18,64,75,55,121,77,138,75,117,61,87,30,38,26,34,21,21,57,25,52,63,29,34,71,38,69,40,76,45,84,49,98,60,115,72,153,95,180,97,232,237,129,280,170,296,150,289,270,111,204,98,151,77,65,48,41,30,104,53,87,49,88,50,91,43,77,75,29,29,27,13,34,13,6,,,,,,,,,,,,,,,
District,WB,Chiswick Park,Acton Town,,,8,11,17,20,17,47,41,100,74,152,85,141,70,95,42,64,32,19,28,18,27,17,26,53,30,56,34,60,36,63,38,66,41,75,47,85,55,103,64,122,82,157,96,185,125,239,144,275,165,282,138,257,241,95,166,77,115,59,50,35,33,29,41,75,38,66,38,67,38,63,33,55,26,21,21,17,14,11,7,,,,,,,,,,,,,,,
District,WB,Acton Town,Ealing Common,,,7,11,16,31,36,32,95,58,65,166,154,75,138,66,99,46,39,41,22,23,36,21,32,63,35,68,40,69,42,75,44,78,49,89,55,100,63,119,74,140,92,177,92,207,227,133,279,159,296,163,272,125,233,225,83,68,136,116,53,35,30,54,32,82,44,71,41,68,38,62,32,49,24,37,12,13,24,6,5,,,,,,,,,,,,,,,
District,WB,Ealing Common,Ealing Broadway,0,3,8,4,9,,20,34,82,60,132,84,156,81,141,135,48,47,86,24,32,22,21,34,31,31,64,36,65,38,70,41,71,42,80,47,86,53,99,62,115,73,136,92,170,106,209,139,258,147,274,150,249,113,212,186,75,121,60,101,52,30,31,30,36,37,64,34,58,33,54,29,46,24,37,18,14,9,19,5,4,,,,,,,,,,,,,,0,0
Elizabeth line,EB,Reading,Twyford,,,,5,15,26,36,42,40,53,,45,81,106,,34,,29,,41,,29,,22,,22,,26,,28,,32,,34,,38,,39,,41,,45,,53,,87,90,121,130,179,152,87,,77,,42,,,25,,35,,28,,26,,22,21,,32,,26,,,,,,,,,,,,,,,,,,,,,,,,
Elizabeth line,EB,Twyford,Maidenhead,,,,39,,41,,62,,70,,79,,65,,115,65,65,61,,41,,44,,39,,39,,39,,38,,40,,42,,46,,45,,48,,50,,88,104,127,148,156,174,173,172,154,148,119,88,84,,49,,47,,40,,34,,30,,27,,39,,31,,,,,,,,,,,,,,,,,,,,,,,
Elizabeth line,EB,Maidenhead,Taplow,7,21,37,81,117,149,92,215,136,286,171,336,188,317,148,243,233,147,145,,58,,58,,56,,51,,51,,47,,49,,47,63,92,,44,,53,,64,,86,172,223,228,248,255,255,231,209,178,147,102,98,,29,,28,,24,30,44,,17,23,60,,34,,65,,29,,,,,,,,,,,,,,,,,,,,,
Elizabeth line,EB,Taplow,Burnham,,7,23,98,129,67,213,289,143,151,422,440,202,183,369,274,261,205,107,,84,,61,,59,,54,,54,,50,,51,,48,,46,,34,,107,79,64,,66,,173,174,230,250,297,253,128,,84,,100,61,65,54,42,47,35,43,31,39,29,36,61,58,34,,64,,28,,,,,,,,,,,,,,,,,,,,,
Elizabeth line,EB,Burnham,Slough,,20,45,87,179,197,161,358,253,508,325,577,323,510,240,359,353,272,238,203,175,155,123,133,118,128,111,119,108,117,102,113,96,104,86,99,91,102,90,111,111,135,147,172,189,209,220,248,268,282,287,276,244,208,169,131,95,79,59,48,37,43,33,39,29,36,27,33,54,57,46,67,,35,29,,,,,,,,,,,,,,,,,,,,,
Elizabeth line,EB,Slough,Langley,,39,87,161,221,303,393,289,628,440,918,524,894,478,729,324,498,480,333,275,258,212,190,193,184,184,180,180,173,177,172,165,153,151,143,143,142,148,139,153,171,202,222,251,276,287,305,326,352,362,366,337,303,246,192,146,114,88,77,68,57,53,45,42,34,34,29,31,58,59,51,68,,35,30,,,,,,,,,,,,,,,,,,,,,
Elizabeth line,EB,Langley,Iver,,46,100,184,246,338,440,315,683,472,980,547,931,489,740,324,511,492,355,301,288,233,211,210,200,203,198,195,188,190,181,175,167,167,159,160,157,160,154,164,183,214,237,263,292,304,326,346,373,381,384,349,313,251,196,147,115,87,77,68,57,52,45,41,35,36,31,33,60,60,51,67,,36,,31,,,,,,,,,,,,,,,,,,,,
Elizabeth line,EB,Iver,West Drayton,,46,102,185,249,347,454,326,712,488,1018,565,963,502,762,304,525,,183,309,309,239,,108,172,251,,100,194,230,185,178,140,169,,82,161,194,126,170,,110,188,245,,245,254,338,446,388,232,,200,255,274,147,113,85,75,68,56,52,45,41,35,35,32,34,61,62,52,68,,36,,31,,,,,,,,,,,,,,,,,,,,
Elizabeth line,EB,West Drayton,Hayes & Harlington,,,95,187,297,455,499,381,837,551,1148,721,1275,673,1088,499,706,682,528,542,402,192,,298,232,284,281,282,266,306,255,124,,283,180,111,,259,174,111,,251,242,317,344,399,420,449,465,491,478,463,415,373,298,233,178,135,101,88,82,70,66,59,54,47,46,48,41,37,,28,,,30,30,,,,,,,,,,,,,,,,,,,,
Elizabeth line,EB,Heathrow Terminal 5,Heathrow Terminals 2 & 3,,58,,80,,103,,111,,137,,162,,156,,151,,141,,142,,146,,134,,134,,126,,127,,123,,128,,137,,141,,143,,141,,139,,145,,148,,140,,127,,112,,104,,111,,110,,104,,79,,61,,55,,35,,,42,,47,,18,,,,,,,,,,,,,,,,,,,
Elizabeth line,EB,Heathrow Terminal 4,Heathrow Terminals 2 & 3,,,20,,44,44,57,73,84,90,101,112,107,100,90,84,74,65,60,57,50,44,44,47,49,49,48,45,41,46,55,69,77,88,89,95,96,103,102,107,102,97,90,88,87,89,91,98,102,99,99,100,101,100,110,114,122,123,120,106,96,85,77,74,69,63,52,43,36,34,27,23,,12,,5,,,,,,,,,,,,,,,,,,,,
Elizabeth line,EB,Heathrow Terminals 2 & 3,Hayes & Harlington,,76,103,143,156,110,224,167,369,237,464,282,519,275,487,268,454,244,446,255,447,249,427,236,397,231,376,204,338,188,309,192,360,216,389,225,381,218,375,217,377,224,397,233,420,245,433,244,424,229,392,215,365,199,370,207,375,214,394,208,355,186,312,165,269,141,240,123,190,87,157,132,91,75,64,27,19,,,,,,,,,,,,,,,,,,,
Elizabeth line,EB,Hayes & Harlington,Southall,,187,156,231,345,439,345,437,523,602,692,765,772,739,687,588,520,663,430,550,372,484,332,423,307,405,291,380,268,347,253,341,260,357,262,352,254,335,251,345,256,368,296,420,327,484,369,519,384,525,378,489,330,412,279,331,228,278,200,247,177,218,156,189,133,160,116,139,96,131,90,101,100,153,50,60,51,19,,,,,,,,,,,,,,,,,,
Elizabeth line,EB,Southall,Hanwell,,,164,284,430,556,430,537,603,705,781,900,888,899,814,732,616,831,495,672,430,588,385,517,352,480,338,459,310,418,291,401,287,411,294,407,285,389,280,394,286,422,322,485,363,554,409,606,425,602,409,553,350,457,285,363,232,304,204,279,189,244,166,213,145,182,124,160,108,144,89,111,102,158,52,39,51,23,,,,,,,,,,,,,,,,,,
Elizabeth line,EB,Hanwell,West Ealing,,,171,296,450,583,453,567,561,748,1243,716,943,1031,864,776,652,877,521,704,449,614,401,540,367,501,351,481,323,438,304,420,299,429,305,422,295,404,290,409,297,439,334,505,378,579,428,636,445,631,427,578,365,475,296,375,239,311,207,284,191,248,168,217,147,185,126,163,109,146,90,110,101,142,50,73,25,22,,,,,,,,,,,,,,,,,,
Elizabeth line,EB,West Ealing,Ealing Broadway,,,181,311,389,616,724,414,606,1189,898,1031,811,1117,1014,845,671,941,834,495,470,701,419,565,383,525,368,465,338,915,238,438,336,446,316,438,304,417,298,421,306,453,345,526,394,605,448,669,466,661,413,603,569,329,307,441,247,320,213,291,195,252,170,221,149,189,128,166,110,149,92,112,102,144,50,73,25,21,,,,,,,,,,,,,,,,,,
Elizabeth line,EB,Ealing Broadway,Acton Main Line,,,309,337,425,421,727,607,634,809,854,1056,1067,1147,1040,966,802,1123,590,550,790,689,418,621,445,566,296,1079,395,495,260,481,512,447,342,514,249,486,477,278,456,469,367,599,305,679,703,434,707,727,467,696,455,580,371,470,298,394,249,219,325,283,178,257,165,142,212,189,118,155,103,135,111,80,153,46,28,,32,,,,,,,,,,,,,,,,,
Elizabeth line,EB,Acton Main Line,Paddington,,,,,,,,,,,,,,,,,,,,,,,,,,,,,,,,,,,,,,,,,,,,,,,,,,,,,,,,,,,,,,,,,,,,,,,,,38,,,,16,,32,,,,,,,,,,,,,,,,,
Elizabeth line,EB,Acton Main Line,Paddington TfL,,,328,275,406,588,712,562,722,797,718,1576,908,1720,894,1541,717,1120,698,872,555,728,490,658,439,598,415,569,389,525,362,504,355,502,357,500,343,471,330,470,338,488,372,569,427,649,457,740,751,513,806,527,477,665,388,490,308,394,255,336,220,287,175,253,252,144,144,213,125,158,92,116,183,59,82,29,,,,,,,,,,,,,,,,,,,,
Elizabeth line,EB,Paddington TfL,Bond Street,,,,119,158,295,303,392,506,589,611,732,848,892,915,865,929,769,647,567,611,555,515,499,459,441,413,419,401,398,372,373,353,352,339,352,339,346,331,349,345,366,383,422,359,404,439,411,440,470,469,465,425,467,404,355,301,267,288,267,243,234,209,205,184,179,160,159,146,143,125,116,131,109,77,57,52,52,,,,,,,,,,,,,,,,,,
Elizabeth line,EB,Bond Street,Tottenham Court Road,,,,106,169,185,339,341,445,523,566,652,794,843,903,845,956,776,682,570,515,550,524,477,443,426,405,413,401,399,382,387,374,376,371,386,380,390,387,408,414,441,455,495,545,499,557,536,593,637,649,634,596,649,570,495,448,389,343,386,355,322,297,289,267,260,244,242,229,217,195,241,211,181,150,120,122,71,,,,,,,,,,,,,,,,,,
Elizabeth line,EB,Tottenham Court Road,Farringdon,,,,114,160,179,260,327,412,480,614,601,735,806,872,829,781,773,642,520,582,493,464,455,429,414,397,407,405,409,401,410,407,414,415,433,437,452,460,490,508,539,592,657,572,624,707,809,746,831,886,921,866,799,848,752,618,550,621,563,522,510,487,480,465,465,464,476,473,466,435,400,470,411,337,266,279,172,,,,,,,,,,,,,,,,,,
Elizabeth line,EB,Farringdon,Liverpool Street,,,,139,131,155,232,304,374,465,567,573,659,733,740,712,629,640,518,434,487,426,404,389,387,367,375,374,390,390,400,399,411,410,426,435,456,468,498,521,564,596,681,748,674,727,838,940,890,971,1054,1076,1026,921,993,859,719,626,721,639,604,586,576,559,558,546,549,547,549,531,496,452,543,494,389,240,720,229,174,,,,,,,,,,,,,,,,,
Elizabeth line,EB,Liverpool Street,Whitechapel,,,,188,104,122,192,236,297,339,409,383,448,471,479,442,406,398,333,286,346,310,309,313,317,312,317,326,342,351,362,372,385,392,407,422,443,462,493,528,572,611,703,798,716,787,901,1032,967,1075,1160,1205,1144,1041,1108,975,803,703,796,713,654,644,623,610,604,597,593,592,591,578,566,526,481,565,481,370,417,273,305,,,,,,,,,,,,,,,,,
Elizabeth line,EB,Whitechapel,Canary Wharf,,,,91,110,211,289,275,489,383,639,503,560,632,645,638,575,502,606,342,440,412,364,366,361,352,346,356,365,373,376,383,390,396,399,414,431,447,468,506,548,595,644,764,807,614,1045,807,887,1005,1054,1078,1006,943,1226,736,932,571,729,693,607,604,590,586,580,577,565,563,559,552,532,477,447,741,338,492,190,,,,,,,,,,,,,,,,,,,
Elizabeth line,EB,Canary Wharf,Custom House,,,,,41,95,154,186,162,261,198,314,234,233,237,224,209,175,159,225,146,210,218,213,216,218,220,229,237,248,254,263,271,280,288,304,319,338,361,396,435,478,524,564,670,703,536,941,730,792,877,902,900,806,736,949,569,705,444,567,548,492,479,478,475,474,462,460,454,451,442,403,386,655,271,442,342,191,,,,,,,,,,,,,,,,,,
Elizabeth line,EB,Custom House,Woolwich,,,,,38,65,109,143,121,217,159,165,172,165,149,129,111,134,77,106,72,106,107,106,108,112,115,125,135,149,161,176,186,199,206,221,234,251,268,298,329,368,406,446,531,562,430,757,586,646,724,757,759,699,642,837,496,622,381,487,458,409,399,394,390,390,380,374,366,364,356,360,318,305,518,219,287,223,,,,,,,,,,,,,,,,,,
Elizabeth line,EB,Woolwich,Abbey Wood,,,,,30,25,107,54,87,74,112,84,82,90,83,77,63,50,62,54,34,54,59,55,59,56,59,60,66,71,82,88,99,105,114,117,127,132,140,150,170,187,211,266,294,234,379,300,506,395,429,473,478,466,411,371,469,258,314,290,241,233,230,219,219,212,208,195,191,199,194,116,176,311,126,209,87,102,,,,,,,,,,,,,,,,,,
Elizabeth line,EB,Whitechapel,Stratford,,,,,109,100,231,258,206,354,281,305,339,337,333,290,254,308,188,254,175,249,263,257,268,272,288,304,324,338,359,382,401,417,441,461,482,510,553,596,649,692,752,833,998,1075,839,1486,1142,1231,1359,1385,1351,1196,1086,1384,817,1028,640,816,772,679,649,629,622,610,607,600,591,572,505,494,862,412,717,347,518,412,225,,,,,,,,,,,,,,,,,
Elizabeth line,EB,Liverpool Street,Stratford,,26,26,26,,,,,,,,,,,,,,,,,,,,,,,,,,,,,,,,,,,,,,,,,116,,208,,265,,279,,255,,150,,,,,,,,,,,,,,,,,,,,,,,,,39,,,,,,,,,,,,,,,,
Elizabeth line,EB,Stratford,Maryland,,,59,103,82,105,106,192,166,269,209,346,255,244,244,222,192,149,135,186,127,181,195,194,214,215,232,250,279,288,310,330,365,377,408,442,487,509,557,610,669,706,754,856,1010,734,849,979,1079,867,1256,965,1269,876,1076,923,827,1062,648,826,789,683,654,631,622,602,591,578,580,567,563,512,516,904,438,757,345,460,390,,97,,,,,,,,,,,,,,,
Elizabeth line,EB,Maryland,Forest Gate,,,60,103,67,103,132,126,218,186,309,242,248,251,231,208,167,135,169,112,173,120,180,196,201,204,221,239,266,274,295,314,346,356,387,420,464,486,533,585,640,674,720,817,863,700,1214,646,1024,1085,893,1152,900,1109,1038,657,1206,743,917,581,741,710,609,585,577,556,544,530,533,518,510,464,469,817,397,690,314,418,355,,90,,,,,,,,,,,,,,,
Elizabeth line,EB,Forest Gate,Manor Park,,,32,81,131,98,83,128,214,174,291,227,231,235,216,193,155,126,158,94,140,152,149,161,178,190,196,211,234,251,262,280,306,326,343,373,411,440,471,512,565,601,636,727,865,632,725,852,914,754,1072,853,1105,835,956,674,1112,640,789,743,621,595,570,531,521,507,488,469,471,463,448,453,414,410,788,309,253,,310,157,157,,,,,,,,,,,,,,,
Elizabeth line,EB,Manor Park,Ilford,,,35,83,132,84,83,164,140,234,183,306,226,220,215,197,170,133,114,154,100,147,154,154,169,180,186,200,220,236,246,263,289,308,324,352,388,414,441,479,531,564,597,685,816,596,682,750,859,883,752,1010,816,993,718,797,752,900,542,692,647,549,524,488,479,465,446,427,427,419,405,409,375,371,647,278,453,412,274,201,139,,,,,,,,,,,,,,,
Elizabeth line,EB,Ilford,Seven Kings,,,26,62,89,63,82,86,150,132,233,186,197,203,183,163,129,101,120,76,113,80,115,124,128,137,141,150,167,178,187,201,223,239,252,272,302,319,340,367,412,435,462,486,587,660,507,614,685,574,801,653,838,620,739,705,576,533,704,404,507,474,399,367,360,346,329,288,320,637,207,280,320,517,246,417,201,294,246,136,93,,,,,,,,,,,,,,,
Elizabeth line,EB,Seven Kings,Goodmayes,,,26,44,86,105,52,103,100,168,139,240,184,181,175,157,132,100,81,108,67,102,102,104,111,126,124,135,143,161,162,178,192,217,220,241,260,286,290,321,351,390,401,477,567,430,482,548,617,648,540,745,594,745,531,601,558,675,393,506,462,386,356,330,310,308,285,280,271,281,274,275,284,263,226,419,354,127,195,158,,42,,,,,,,,,,,,,,
Elizabeth line,EB,Goodmayes,Chadwell Heath,,,,42,69,49,62,64,114,100,178,143,156,163,147,133,107,86,97,63,89,66,90,99,98,109,107,117,124,140,139,154,165,187,188,207,221,244,244,270,294,329,337,374,441,527,388,453,528,569,458,651,510,661,461,563,488,426,541,320,392,366,297,274,255,255,233,231,224,236,231,234,217,226,388,177,299,132,161,129,,33,,,,,,,,,,,,,,
Elizabeth line,EB,Chadwell Heath,Romford,,,,39,64,45,56,59,105,93,157,126,206,147,133,127,108,88,64,60,85,60,81,90,86,97,93,102,106,119,116,128,136,156,153,170,179,199,192,214,230,263,267,303,364,440,324,380,443,474,382,541,427,554,388,474,412,357,450,265,318,294,231,208,191,194,174,176,171,186,184,189,177,186,318,143,239,104,125,98,,25,,,,,,,,,,,,,,
Elizabeth line,EB,Romford,Gidea Park,,,,13,29,50,34,35,69,62,108,91,147,101,92,82,65,50,39,33,47,30,43,46,47,50,55,57,63,68,75,77,87,91,98,100,114,120,130,136,157,167,191,203,231,263,190,208,242,261,213,302,244,321,228,272,239,198,239,140,187,173,151,143,139,123,123,114,117,115,118,110,109,95,90,165,65,53,,63,32,32,,,,,,,,,,,,,,
Elizabeth line,EB,Gidea Park,Harold Wood,,,,10,24,37,29,39,40,74,68,126,94,90,86,68,52,38,31,38,26,35,25,36,40,39,43,45,48,52,57,58,65,68,72,74,84,88,94,98,113,119,132,143,157,163,191,194,148,241,183,186,209,210,211,183,167,204,115,136,87,112,107,92,90,82,81,76,76,76,77,72,70,62,58,96,42,71,62,39,30,20,,,,,,,,,,,,,,
Elizabeth line,EB,Harold Wood,Brentwood,,,,20,25,37,41,18,39,43,78,72,114,79,65,56,39,30,21,19,26,14,19,20,20,20,22,23,25,26,28,30,32,33,34,35,39,41,42,45,50,53,56,65,70,81,84,64,93,71,99,58,110,67,123,64,105,69,73,44,57,55,46,46,44,40,38,38,37,37,39,39,35,35,31,28,47,23,34,28,17,12,,,,,,,,,,,,,,
Elizabeth line,EB,Brentwood,Shenfield,,,,,45,53,36,41,34,56,55,84,62,82,51,33,29,19,17,11,11,11,7,7,8,6,6,6,7,6,6,6,8,7,7,7,8,7,8,8,9,9,10,12,12,13,17,18,13,20,14,12,12,10,10,8,8,10,6,6,4,5,5,5,5,5,5,5,5,5,5,5,5,4,5,7,4,7,3,3,4,,1,,,,,,,,,,,,,
Elizabeth line,WB,Shenfield,Brentwood,0,1,1,2,5,12,10,18,35,24,50,29,52,31,23,29,12,12,11,5,5,5,5,5,5,6,6,6,6,6,6,7,7,10,12,13,12,14,13,16,22,27,19,31,24,24,30,34,43,44,49,71,51,67,42,57,50,41,34,30,20,21,15,14,9,12,9,9,7,8,14,7,16,16,14,10,,,,,,,,,,,,,,,,,,,0,
Elizabeth line,WB,Brentwood,Harold Wood,13,33,68,48,43,59,118,93,124,141,162,151,143,166,92,93,52,59,50,40,36,35,33,35,34,33,32,32,30,31,28,18,51,27,25,29,29,29,29,44,65,66,51,85,54,45,53,54,59,53,53,67,42,45,28,34,33,23,25,24,22,20,21,17,15,12,12,11,12,10,10,18,15,12,11,5,,,,,,,,,,,,,,,,,,,,2
Elizabeth line,WB,Harold Wood,Gidea Park,45,,84,140,177,151,264,203,227,262,282,283,271,227,192,214,109,130,109,89,82,78,74,73,69,69,67,66,64,62,58,56,53,53,53,54,52,53,53,68,79,92,96,72,103,69,69,76,76,76,69,65,79,45,53,33,38,36,30,29,26,24,23,21,18,17,16,16,16,15,13,23,18,13,10,7,4,,,,,,,,,,,,,,,,,,,4
Elizabeth line,WB,Gidea Park,Romford,65,80,125,180,246,295,227,266,233,354,296,409,294,350,292,230,182,147,123,151,135,115,109,105,100,99,96,95,91,90,85,81,76,74,73,73,71,72,72,88,97,103,118,132,86,89,98,99,99,93,90,119,70,85,53,63,38,45,43,37,34,31,30,27,23,22,21,21,18,19,35,15,24,21,13,8,4,,,,,,,,,,,,,,,,,,,5
Elizabeth line,WB,Romford,Chadwell Heath,71,66,287,276,403,350,422,471,528,564,472,646,480,570,487,297,482,189,302,273,207,185,184,178,165,158,164,162,155,148,153,149,138,130,132,129,122,119,125,131,140,152,156,118,198,136,150,177,180,177,169,162,194,107,130,77,85,80,73,70,65,57,54,51,44,42,41,40,35,32,31,56,21,34,28,15,7,,,,,,,,,,,,,,,,,,,7
Elizabeth line,WB,Chadwell Heath,Goodmayes,59,225,218,324,491,622,495,582,632,533,738,597,749,518,581,503,394,317,287,349,306,248,245,236,219,209,213,209,200,192,197,191,178,168,170,164,155,151,157,162,166,166,186,187,140,222,169,186,208,205,208,193,168,201,116,137,78,95,95,84,77,69,66,61,53,51,49,47,41,37,36,63,24,38,31,16,8,,,,,,,,,,,,,,,,,,,
Elizabeth line,WB,Goodmayes,Seven Kings,80,221,206,831,605,500,611,671,718,729,619,838,642,785,703,439,738,298,475,441,343,318,299,298,274,257,254,257,247,236,262,238,149,419,206,180,195,186,187,196,200,220,225,167,274,192,199,230,241,239,226,222,277,155,186,114,126,119,103,104,96,89,82,78,69,62,60,56,52,48,43,36,61,47,32,26,19,10,,,,,,,,,,,,,,,,,,
Elizabeth line,WB,Seven Kings,Ilford,71,289,516,485,617,595,970,569,1122,647,853,726,938,670,781,690,554,453,389,509,433,374,353,347,318,299,295,297,286,275,273,276,259,244,239,240,226,214,215,225,231,253,259,190,308,214,221,252,262,259,245,240,300,169,206,124,140,132,117,116,108,101,94,89,80,71,69,64,59,54,48,40,67,51,36,29,20,11,,,,,,,,,,,,,,,,,,
Elizabeth line,WB,Ilford,Manor Park,208,201,705,568,699,1003,1101,627,1317,727,988,817,1095,792,965,861,725,630,542,494,623,560,477,468,430,405,400,399,382,371,371,373,352,334,332,329,310,298,302,311,315,318,320,355,376,267,288,323,332,330,305,303,395,228,281,187,222,136,178,180,150,140,132,123,110,100,97,89,82,69,70,116,51,79,72,44,31,15,,,,,,,,,,,,,,,,,,
Elizabeth line,WB,Manor Park,Forest Gate,237,331,306,1253,813,678,1259,961,943,772,1099,865,1159,841,1034,924,782,643,550,738,628,567,536,522,494,460,440,439,426,413,402,404,395,375,362,365,354,337,330,340,344,381,382,283,418,295,435,321,330,350,345,341,303,263,330,182,218,198,171,172,164,151,141,134,123,110,104,99,91,82,80,68,59,94,72,44,31,15,,,,,,,,,,,,,,,,,,
Elizabeth line,WB,Forest Gate,Maryland,,189,351,1159,903,1033,920,1498,781,1060,1157,888,1215,915,1171,1047,685,1178,502,817,765,629,595,580,548,511,488,486,470,454,442,445,435,414,403,405,391,372,366,377,382,385,425,430,309,489,347,355,388,381,375,347,329,411,243,303,185,219,210,188,178,164,154,147,134,121,114,109,99,89,78,73,123,49,75,63,32,16,,,,,,,,,,,,,,,,,,
Elizabeth line,WB,Maryland,Stratford,,209,774,637,854,1179,1373,1016,1117,1144,920,1252,1006,1286,929,1112,998,833,710,652,810,743,637,622,589,547,524,521,501,484,473,476,463,441,430,433,418,399,395,409,414,417,422,469,456,325,519,377,382,408,397,395,359,320,404,242,295,175,225,222,189,174,164,155,141,128,122,115,105,94,82,77,129,52,79,61,34,,10,,,,,,,,,,,,,,,,,
Elizabeth line,WB,Stratford,Liverpool Street,,47,,,,,,,,,230,,450,,345,,,196,,196,,,,,,,,,,,,,,,,,,,,,,,,,,,,,,,,,,,,,,,,,,,,,,,,,,,,,,,,,,,6,,,,,,,,,,,,,,,,,
Elizabeth line,WB,Stratford,Whitechapel,,,232,439,1613,990,847,1518,744,1031,1568,876,1684,949,1787,1182,959,1331,718,888,781,667,627,605,589,556,524,516,505,490,480,481,478,466,455,455,450,440,433,443,450,458,508,518,373,601,432,444,480,486,484,444,424,549,331,411,255,307,291,242,234,219,205,199,186,181,170,163,148,141,125,106,86,145,107,71,53,37,,,,,,,,,,,,,,,,,,
Elizabeth line,WB,Abbey Wood,Woolwich,,,144,430,333,394,345,617,462,510,560,562,513,462,413,497,270,353,211,230,215,168,151,148,138,132,126,125,117,121,122,121,113,109,103,96,90,88,90,93,97,100,115,115,82,133,100,101,111,107,112,105,96,80,115,88,51,65,62,50,48,40,39,36,34,33,31,30,29,25,19,11,24,8,10,9,,,,,,,,,,,,,,,,,,,,
Elizabeth line,WB,Woolwich,Custom House,,,496,371,491,676,726,576,974,727,781,867,861,861,792,710,871,502,592,353,413,385,318,306,282,270,259,254,237,241,241,244,232,229,223,215,202,197,200,201,203,212,218,247,265,190,209,230,231,230,221,211,288,177,230,146,186,106,129,121,100,88,85,77,71,68,64,62,59,50,43,35,25,39,31,19,14,,,,,,,,,,,,,,,,,,,
Elizabeth line,WB,Custom House,Canary Wharf,,,430,710,577,693,624,984,735,1148,877,909,1007,1018,1025,904,803,966,522,591,532,427,409,387,371,349,343,335,331,324,333,336,338,331,332,324,320,311,317,322,336,345,409,416,313,488,345,341,362,345,347,332,295,254,351,284,156,207,194,155,150,139,127,112,104,92,88,81,77,68,64,52,28,62,47,24,16,,,,,,,,,,,,,,,,,,,
Elizabeth line,WB,Canary Wharf,Whitechapel,,,,368,511,751,856,674,1061,796,1304,995,1074,1169,1196,1152,993,834,1029,547,643,594,513,494,478,458,456,454,452,444,453,458,460,450,455,452,451,446,466,481,506,530,566,654,679,497,844,645,685,749,770,773,682,622,793,462,544,333,401,371,303,274,250,222,202,185,177,170,165,155,139,132,107,81,117,86,31,,,,,,,,,,,,,,,,,,,
Elizabeth line,WB,Whitechapel,Liverpool Street,,,392,473,717,737,944,882,818,1076,955,1065,1153,1224,1219,1191,1259,1090,900,762,641,679,606,556,540,516,496,493,488,477,472,477,476,464,456,458,453,447,447,464,476,489,504,555,591,519,567,535,572,605,611,607,560,611,536,469,400,343,288,318,274,240,221,206,187,176,168,162,155,148,134,120,104,108,81,83,53,43,,,,,,,,,,,,,,,,,,
Elizabeth line,WB,Liverpool Street,Farringdon,,,600,377,573,627,756,753,840,777,809,929,981,1050,1035,1021,1088,954,789,688,589,642,571,536,522,512,494,497,493,489,477,485,481,475,465,474,470,474,471,494,506,527,542,607,663,598,671,650,720,772,791,771,725,770,676,580,510,421,361,386,334,292,265,250,228,218,207,203,193,182,170,153,128,100,157,101,59,30,,,,,,,,,,,,,,,,,,
Elizabeth line,WB,Farringdon,Tottenham Court Road,,,,279,440,511,623,640,725,677,713,819,856,877,837,797,830,709,592,539,473,539,488,478,467,475,463,478,475,483,465,477,467,469,453,472,466,483,480,514,525,565,585,683,722,661,741,713,786,869,904,898,835,898,766,656,542,468,385,433,362,343,309,301,275,269,251,247,229,217,199,186,160,125,129,127,63,26,,,,,,,,,,,,,,,,,,
Elizabeth line,WB,Tottenham Court Road,Bond Street,,,,196,331,517,469,477,559,520,534,602,614,631,581,550,555,478,388,358,331,387,371,364,376,368,381,377,394,387,394,386,399,387,396,395,418,416,441,456,494,513,557,619,676,585,682,628,720,767,832,802,776,812,739,621,543,464,413,455,410,382,371,350,344,327,336,333,333,308,302,262,234,182,188,119,227,36,31,,,,,,,,,,,,,,,,,
Elizabeth line,WB,Bond Street,Paddington TfL,,,,247,270,306,370,331,391,412,365,392,427,415,409,372,326,324,277,239,228,277,273,273,287,275,290,285,305,297,314,311,333,325,345,343,370,369,402,419,465,486,540,604,664,559,624,724,662,741,793,833,779,715,755,679,561,491,448,499,456,428,421,396,392,371,383,379,381,352,349,303,272,206,217,200,128,34,39,,,,,,,,,,,,,,,,,
Elizabeth line,WB,Paddington TfL,Acton Main Line,,,,327,267,347,289,467,370,597,445,434,463,636,394,478,300,692,225,293,231,326,239,346,255,354,264,376,280,395,294,423,318,459,334,486,360,521,386,584,443,674,510,809,651,995,571,1274,959,1013,1118,1137,1141,1036,699,1243,723,903,571,780,479,671,425,600,389,553,370,546,358,540,488,468,796,349,466,366,,,,,,,,,,,,,,,,,,,,
Elizabeth line,WB,Paddington,Acton Main Line,11,7,8,14,9,,,,,,,,,,,,,,,,,,,,,,,,,,,,,,,,,,,,,,,,,,,,,,,,,,,,,,,,,,,,,,,,,,,,,,,,,,,,,,,,,,,,,,,,,,5,10
Elizabeth line,WB,Acton Main Line,Ealing Broadway,18,21,89,133,157,291,299,418,277,1004,295,1031,419,530,402,506,340,396,256,307,234,311,238,328,255,337,262,354,280,378,293,400,315,433,329,455,352,489,376,540,428,620,489,740,589,915,725,781,909,962,1057,1074,1066,990,921,809,714,930,567,749,472,631,415,560,376,509,350,491,330,480,446,427,821,366,265,430,,,,,,,,,,,,,,,,,,,10,5
Elizabeth line,WB,Ealing Broadway,West Ealing,14,36,92,131,151,277,257,390,318,465,364,513,378,503,343,418,271,307,203,245,194,264,209,285,227,299,236,317,254,342,267,362,285,390,272,412,479,297,343,535,396,582,462,711,570,879,630,730,1168,649,1332,759,1414,693,812,772,632,829,507,667,415,555,357,484,316,431,288,410,270,399,361,352,610,301,431,177,,,,,,,,,,,,,,,,,,,4,4
Elizabeth line,WB,West Ealing,Hanwell,22,19,104,92,186,188,346,289,433,337,489,367,511,360,467,309,366,233,266,187,246,194,271,210,294,223,309,235,334,252,351,264,376,282,399,297,419,317,452,346,521,408,615,492,762,603,908,555,1112,648,1255,715,1275,650,1094,542,846,545,675,439,548,362,471,314,416,277,375,260,364,249,320,329,535,267,380,159,,,,,,,,,,,,,,,,,,,,2
Elizabeth line,WB,Hanwell,Southall,30,23,112,95,187,189,346,289,432,336,487,365,504,354,455,300,352,225,257,182,241,191,267,208,290,220,305,232,330,249,346,260,369,277,390,290,407,309,437,336,505,397,596,479,739,586,878,478,1071,754,800,836,890,828,771,516,918,516,637,417,517,343,443,296,390,261,350,243,337,233,295,305,491,203,347,296,162,,,,,,,,,,,,,,,,,,,2
Elizabeth line,WB,Southall,Hayes & Harlington,45,57,63,135,166,168,311,250,386,298,440,327,472,350,447,217,716,223,232,176,233,180,256,195,275,209,282,217,304,230,315,239,329,247,346,255,359,270,384,290,432,332,505,386,607,499,814,442,599,704,985,534,1023,536,878,428,692,438,534,346,461,279,379,234,326,206,290,187,278,179,272,273,233,185,335,214,106,,,,,,,,,,,,,,,,,,,3
Elizabeth line,WB,Hayes & Harlington,Heathrow Terminals 2 & 3,45,53,114,240,134,172,447,504,217,246,470,246,430,246,420,226,347,186,284,165,280,169,338,421,188,233,438,248,443,262,442,256,423,244,412,219,403,485,209,249,487,266,479,285,510,304,560,299,504,635,527,315,565,334,514,183,405,210,293,144,220,103,155,72,109,52,78,39,65,35,61,53,61,,16,,,,,,,,,,,,,,,,,,,,,2
Elizabeth line,WB,Heathrow Terminals 2 & 3,Heathrow Terminal 4,9,13,,39,56,76,91,108,100,99,95,93,89,84,72,63,52,41,32,27,25,27,31,40,48,56,65,77,84,91,98,99,98,93,89,86,83,78,80,79,81,83,88,101,110,117,127,136,139,146,148,156,161,154,144,142,131,119,113,106,94,78,64,53,43,37,34,31,28,28,21,20,,17,,12,,,,,,,,,,,,,,,,,,,,
Elizabeth line,WB,Heathrow Terminals 2 & 3,Heathrow Terminal 5,39,,46,,82,,100,,149,,163,,177,,178,,172,,159,,156,,171,,189,,207,,214,,216,,213,,203,,186,,184,,190,,205,,210,,214,,222,,220,,202,,165,,126,,89,,63,,46,,37,,30,,24,,29,,34,,27,,,,,,,,,,,,,,,,,,,,,
Elizabeth line,WB,Hayes & Harlington,West Drayton,,,14,,52,86,141,185,253,286,331,348,383,357,365,316,288,218,198,146,145,122,137,126,138,125,132,119,132,125,147,149,176,179,203,203,231,225,257,260,299,322,399,434,541,607,707,734,461,959,548,1085,617,1116,554,945,453,691,624,507,486,417,421,372,379,339,349,318,338,311,333,259,269,,181,,102,,,,,,,,,,,,,,,,,,,
Elizabeth line,WB,West Drayton,Iver,,,15,,50,83,134,175,233,262,298,312,334,309,315,267,242,184,169,121,123,99,113,101,112,99,108,94,106,98,116,113,135,134,155,150,177,169,196,196,230,245,314,339,428,481,559,572,362,751,429,852,483,873,432,733,347,522,472,377,366,314,327,283,292,254,269,237,257,232,254,194,201,,131,,68,,,,,,,,,,,,,,,,,,,
Elizabeth line,WB,Iver,Langley,,,14,,47,80,131,171,229,257,292,305,325,301,307,261,237,181,166,120,122,97,111,99,111,98,107,93,105,96,115,111,133,130,152,145,173,164,193,192,227,241,309,331,419,470,549,562,356,739,422,836,474,855,423,717,339,508,461,365,357,305,320,274,286,246,264,231,253,226,249,189,193,,122,,62,,,,,,,,,,,,,,,,,,,
Elizabeth line,WB,Langley,Slough,,,15,,47,80,130,171,221,248,281,295,310,292,300,253,228,174,161,115,118,92,107,80,104,,53,92,119,95,114,106,92,101,,140,84,191,156,181,,114,297,297,406,,264,533,314,696,698,387,784,456,784,378,314,567,423,331,325,276,295,249,263,225,240,204,227,201,223,170,177,,90,,,20,,,,,,,,,,,,,,,,,,
Elizabeth line,WB,Slough,Burnham,,,,21,,54,77,122,151,184,201,231,245,262,251,264,214,190,136,128,85,97,70,87,69,82,66,81,66,80,68,89,81,103,95,118,108,131,120,147,136,166,186,244,259,327,393,398,220,471,268,492,279,506,263,415,195,313,275,227,213,217,189,209,167,179,151,169,137,158,140,159,121,128,,75,,33,,,,,,,,,,,,,,,,,,
Elizabeth line,WB,Burnham,Taplow,,,,19,,45,66,110,132,160,177,209,217,233,225,238,185,167,119,113,69,85,56,74,56,71,53,69,52,66,53,76,64,84,73,94,79,102,87,117,100,130,144,194,198,260,305,315,147,373,359,187,364,200,359,166,132,258,198,175,158,166,140,164,120,138,113,133,103,125,104,122,90,95,,57,,24,,,,,,,,,,,,,,,,,,
Elizabeth line,WB,Taplow,Maidenhead,,,,19,,47,67,114,141,171,191,228,233,246,234,247,188,169,120,113,67,82,52,69,53,67,50,63,48,62,51,73,64,82,70,90,74,94,81,108,94,121,129,172,174,229,230,279,257,164,311,182,316,175,281,144,226,111,174,181,140,145,124,144,111,125,106,123,96,114,97,111,82,82,,48,,19,,,,,,,,,,,,,,,,,,
Elizabeth line,WB,Maidenhead,Twyford,,,,16,,39,51,88,114,141,159,196,202,208,194,198,142,124,,79,,58,,48,,44,,42,,41,,44,,45,,47,,45,,51,,58,,94,97,133,109,148,,75,,80,,64,,50,,34,,57,,44,,40,,33,,30,,28,,27,,18,,,,,,,,,,,,,,,,,,,,,,
Elizabeth line,WB,Twyford,Reading,,,,,13,,29,38,65,83,113,135,168,178,191,176,165,118,100,,59,,51,,46,,41,,40,,40,,42,,41,,40,,36,,39,,44,,64,73,97,104,118,122,121,109,102,88,78,63,60,43,41,,38,,43,,39,,31,,22,,19,,20,,15,,,,,,,,,,,,,,,,,,,,,
Circle / Hammersmith & City,IR,Barking,East Ham,12,37,69,79,109,255,120,98,228,186,104,207,111,177,98,136,70,126,61,40,96,88,43,46,90,38,67,32,65,38,68,35,63,30,56,32,60,34,64,35,70,34,75,74,45,82,50,85,50,73,46,72,41,64,33,45,25,41,21,18,37,17,28,15,25,12,19,10,16,9,14,7,10,4,4,2,,,,,,,,,,,,,,,,,,,,
Circle / Hammersmith & City,IR,East Ham,Upton Park,27,67,93,130,278,177,395,191,164,379,385,168,182,353,170,256,118,209,216,76,85,159,81,134,73,113,64,101,62,110,65,109,64,101,60,102,60,103,60,101,62,108,65,115,64,125,125,62,125,65,108,62,102,53,82,45,72,33,31,59,27,43,26,40,22,33,19,30,16,26,14,19,10,13,6,7,5,,,,,,,,,,,,,,,,,,,
Circle / Hammersmith & City,IR,Upton Park,Plaistow,61,96,85,178,391,235,468,261,451,258,432,263,463,257,430,243,365,185,318,150,122,229,111,187,101,157,90,147,88,155,94,158,94,153,91,153,90,150,87,150,75,157,158,81,173,100,170,98,170,89,149,86,140,72,116,64,93,48,95,44,39,74,37,57,31,48,28,43,24,38,20,30,15,21,9,11,9,,,,,,,,,,,,,,,,,,,
Circle / Hammersmith & City,IR,Plaistow,West Ham,53,94,144,159,222,570,282,298,600,293,491,297,524,291,492,275,418,210,324,169,241,129,215,124,202,107,171,100,160,98,176,102,174,102,167,101,173,100,165,100,164,99,171,90,186,189,92,186,105,166,94,167,89,142,76,122,60,104,50,47,86,40,67,38,58,31,49,28,44,24,39,21,29,14,21,18,5,7,,,,,,,,,,,,,,,,,,
Circle / Hammersmith & City,IR,West Ham,Bromley-by-Bow,74,50,126,149,201,467,272,581,293,250,568,586,256,252,557,469,199,363,184,332,149,128,249,121,191,103,166,97,156,88,152,91,147,88,147,87,143,85,139,85,142,76,151,164,85,170,95,172,96,156,90,162,86,134,72,115,56,96,46,42,77,34,59,33,54,28,44,25,40,22,37,20,29,14,22,18,6,8,,,,,,,,,,,,,,,,,,
Circle / Hammersmith & City,IR,Bromley-by-Bow,Bow Road,74,75,84,150,211,475,279,540,304,523,298,536,309,556,308,527,270,404,204,333,165,252,136,238,120,222,104,106,195,96,167,98,159,94,160,94,155,91,153,94,158,83,168,180,76,185,182,95,211,102,100,205,93,147,79,127,61,96,50,82,41,67,35,63,32,58,26,26,48,22,38,20,29,14,22,18,6,9,,,,,,,,,,,,,,,,,,
Circle / Hammersmith & City,IR,Bow Road,Mile End,,51,92,108,365,247,579,318,281,627,640,293,342,700,314,597,608,228,226,429,178,273,147,256,130,219,112,208,106,188,101,192,98,188,98,183,97,178,92,180,98,180,90,198,192,101,200,116,200,110,219,112,94,194,177,70,61,124,107,44,43,83,37,67,34,58,29,53,27,47,23,40,18,30,13,20,7,9,,,,,,,,,,,,,,,,,,
Circle / Hammersmith & City,IR,Mile End,Stepney Green,,50,92,96,305,191,430,229,204,474,433,235,493,290,522,288,480,241,409,192,157,286,124,216,108,182,93,162,82,148,80,156,83,157,84,161,82,150,78,146,78,146,75,165,165,89,181,104,183,101,184,101,168,88,144,71,108,54,95,46,38,75,33,59,30,54,27,50,26,46,22,37,18,30,14,22,8,9,,,,,,,,,,,,,,,,,,
Circle / Hammersmith & City,IR,Stepney Green,Whitechapel,,38,94,122,156,391,213,236,476,215,454,551,262,306,621,306,515,256,400,203,301,151,234,133,206,114,183,104,160,94,158,97,163,97,164,99,162,94,156,95,155,92,176,106,192,103,218,214,109,240,123,105,231,206,86,80,153,61,95,50,78,42,67,39,56,34,53,32,51,29,44,23,34,18,27,13,17,7,,,,,,,,,,,,,,,,,,
Circle / Hammersmith & City,IR,Whitechapel,Aldgate East,,55,87,75,145,323,200,452,226,201,482,435,243,507,294,515,280,440,226,385,178,144,264,119,188,101,167,95,151,87,151,91,153,88,150,90,148,84,144,86,142,86,165,85,184,202,110,225,132,230,128,211,115,187,98,145,78,111,54,92,43,36,65,32,49,28,47,28,47,25,40,21,31,16,24,12,16,6,,,,,,,,,,,,,,,,,,
Circle / Hammersmith & City,IR,Aldgate East,Liverpool Street,,57,151,118,248,173,444,238,260,536,287,523,325,604,340,595,320,507,262,416,217,327,166,262,145,224,125,209,121,196,116,205,123,207,121,208,121,199,117,204,124,211,139,258,136,324,338,202,421,246,404,232,360,188,285,153,250,111,87,165,70,106,56,97,54,86,49,78,46,74,40,62,33,47,22,36,33,10,14,,,,,,,,,,,,,,,,,
Circle / Hammersmith & City,IR,Liverpool Street,Moorgate,,50,99,91,128,177,199,168,250,269,277,325,347,383,387,393,355,329,279,257,223,214,191,193,182,177,167,171,165,164,162,168,169,171,173,178,178,178,181,189,197,204,220,222,251,408,222,332,365,367,364,340,324,445,202,245,230,188,168,145,132,127,120,114,112,106,102,98,96,90,88,85,79,68,61,54,40,21,20,,,,,,,,,,,,,,,,,
Circle / Hammersmith & City,IR,Moorgate,Barbican,,51,99,92,128,156,202,227,180,251,436,302,371,421,314,410,606,346,297,221,268,240,205,208,198,193,185,189,184,183,181,188,189,190,193,197,198,198,203,214,226,236,235,258,443,292,246,568,409,408,445,435,427,368,251,448,273,213,157,290,174,114,155,145,132,124,119,114,112,104,101,97,88,76,68,58,44,31,17,,,,,,,,,,,,,,,,,
Circle / Hammersmith & City,IR,Barbican,Farringdon,,45,98,136,94,153,192,221,233,183,422,300,331,369,394,385,377,328,299,260,243,216,208,198,203,190,188,185,189,181,184,183,191,188,194,196,203,200,206,215,232,242,260,287,307,324,362,400,431,452,470,456,428,385,350,311,274,240,218,190,172,159,155,146,144,138,133,130,125,118,109,106,96,87,77,51,51,37,23,40,,,,,,,,,,,,,,,,
Circle / Hammersmith & City,IR,Farringdon,King's Cross St. Pancras,,75,47,138,138,123,213,238,259,275,317,340,383,385,388,360,336,286,260,235,227,209,211,208,213,205,204,203,207,202,206,209,216,215,223,227,236,238,248,262,282,298,320,352,373,397,437,441,469,801,509,394,792,360,394,381,306,264,238,211,199,187,186,180,181,174,170,165,161,151,140,128,112,95,81,70,54,30,27,48,,,,,,,,,,,,,,,,
Circle / Hammersmith & City,IR,King's Cross St. Pancras,Euston Square,23,29,57,68,98,131,163,214,252,203,312,565,413,444,473,468,424,373,332,288,195,370,235,223,233,228,216,215,215,213,211,215,219,219,222,231,237,241,247,257,268,280,315,323,259,537,386,403,440,454,471,471,441,412,377,345,302,266,235,214,193,184,181,179,177,170,166,163,162,152,141,129,114,96,83,72,57,31,28,26,,,,,,,,,,,,,,,,
Circle / Hammersmith & City,IR,Euston Square,Great Portland Street,22,40,29,74,75,112,145,134,215,258,294,358,406,437,442,431,386,335,284,257,232,216,207,210,205,200,195,197,200,198,199,204,207,205,209,217,223,228,236,248,260,272,289,318,343,355,384,420,432,441,459,458,430,404,374,342,300,267,237,214,196,187,184,183,182,174,169,166,164,154,144,132,116,98,84,71,57,42,22,26,,,,,,,,,,,,,,,,
Circle / Hammersmith & City,IR,Great Portland Street,Baker Street,20,37,26,68,69,90,120,165,199,179,287,349,351,379,577,374,334,332,286,194,235,217,194,198,194,190,186,189,193,192,194,198,201,199,204,213,220,225,234,247,261,276,295,327,327,340,555,402,420,457,475,470,458,426,416,382,246,282,397,221,152,209,205,190,187,179,174,170,168,157,146,134,118,99,85,72,58,43,22,26,,,,,,,,,,,,,,,,
Circle / Hammersmith & City,IR,Baker Street,Edgware Road,18,33,17,58,90,60,108,147,174,218,271,335,391,423,427,416,378,323,279,248,224,204,192,191,191,184,181,184,188,188,188,192,196,196,197,206,212,218,227,242,256,272,293,324,352,375,401,435,459,467,483,480,450,419,392,351,316,286,256,234,213,202,192,185,175,171,165,166,165,162,152,140,121,102,82,67,54,41,21,18,,,,,,,,,,,,,,,,
Circle / Hammersmith & City,IR,Edgware Road,Paddington TfL,9,12,12,22,34,41,65,78,120,102,183,171,244,285,287,181,264,231,190,138,135,125,144,111,136,107,129,107,134,109,133,111,138,112,138,118,149,125,161,138,181,157,207,186,231,198,344,223,236,326,332,273,330,250,285,213,234,170,185,138,162,123,114,110,129,95,114,92,113,89,104,78,84,57,56,37,37,28,15,25,,,,,,,,,,,,,,,,
Circle / Hammersmith & City,IR,Paddington TfL,Royal Oak,,7,8,16,41,32,57,77,94,123,154,196,245,271,280,278,258,217,187,163,147,133,122,121,120,116,114,116,117,118,118,121,125,125,125,129,131,133,138,145,154,164,176,196,218,239,261,293,320,335,346,355,342,319,291,263,229,201,176,161,144,134,125,118,114,113,110,110,112,111,106,99,87,73,59,46,36,27,13,11,,,,,,,,,,,,,,,,
Circle / Hammersmith & City,IR,Royal Oak,Westbourne Park,,7,8,12,34,36,50,74,95,92,155,196,238,263,272,270,251,212,183,159,142,129,119,118,117,113,111,112,114,114,114,117,120,120,120,124,126,128,133,140,149,158,170,189,210,229,231,255,420,295,306,332,330,310,297,270,178,207,181,151,135,126,117,111,107,106,103,104,105,103,99,92,81,68,55,43,34,25,13,11,,,,,,,,,,,,,,,,
Circle / Hammersmith & City,IR,Westbourne Park,Ladbroke Grove,,9,9,13,35,36,49,72,93,89,134,169,309,234,244,257,256,221,140,162,145,119,111,110,109,106,104,106,108,108,109,111,113,112,112,116,117,119,124,131,140,149,160,178,181,196,323,235,255,283,294,298,295,277,254,228,201,174,152,135,129,119,82,103,99,91,88,89,90,88,84,78,68,57,46,36,28,21,14,9,16,,,,,,,,,,,,,,,
Circle / Hammersmith & City,IR,Ladbroke Grove,Latimer Road,,7,20,13,22,34,46,58,75,94,118,146,183,205,214,214,203,174,148,127,112,97,88,84,83,80,80,81,84,86,87,90,92,93,94,97,99,100,104,110,120,129,141,157,175,189,208,228,248,258,265,267,262,244,223,200,175,151,131,117,104,95,87,82,79,77,76,76,77,76,73,68,60,50,41,32,26,20,11,9,17,,,,,,,,,,,,,,,
Circle / Hammersmith & City,IR,Latimer Road,Wood Lane,,8,16,11,27,28,43,57,55,92,115,134,166,183,189,186,176,151,130,113,101,90,83,81,81,78,78,79,82,84,85,88,90,90,91,94,96,98,101,106,116,125,138,154,172,185,186,221,330,174,358,257,237,240,219,207,183,117,136,120,99,90,83,77,75,73,72,72,73,71,69,64,56,46,38,30,23,18,13,6,16,,,,,,,,,,,,,,,
Circle / Hammersmith & City,IR,Wood Lane,Shepherd's Bush Market,,,7,9,22,22,29,44,58,58,99,121,130,154,230,108,132,122,91,80,73,67,63,63,62,61,61,62,65,67,69,72,75,74,76,79,81,82,86,90,98,105,115,127,142,142,155,259,191,205,226,232,232,219,201,182,162,139,121,107,101,91,63,80,77,69,69,68,68,66,64,58,51,42,34,26,21,17,12,6,14,,,,,,,,,,,,,,,
Circle / Hammersmith & City,IR,Shepherd's Bush Market,Goldhawk Road,,,7,9,22,21,29,39,59,78,68,111,202,145,143,144,133,111,89,81,72,48,60,59,56,55,54,56,58,59,61,64,67,66,67,69,70,70,74,77,83,89,98,98,110,180,132,147,172,184,192,195,194,182,167,150,132,112,96,84,76,72,68,49,63,60,57,56,56,54,52,46,40,32,25,19,15,11,8,5,5,,,,,,,,,,,,,,,
Circle / Hammersmith & City,IR,Goldhawk Road,Hammersmith,,,6,10,13,29,21,38,52,66,88,108,131,147,147,139,128,106,85,73,64,57,53,53,53,52,51,52,54,56,57,60,62,62,61,63,64,64,66,69,72,78,84,92,103,112,123,137,153,162,170,172,170,158,144,127,111,93,79,69,62,55,52,50,48,46,46,46,46,46,43,40,34,26,20,16,12,9,7,3,4,,,,,,,,,,,,,,,
Circle / Hammersmith & City,IR,Paddington TfL,Bayswater,6,15,9,14,38,24,56,54,129,92,211,141,274,162,302,163,278,146,239,133,226,127,214,122,195,108,169,100,161,92,150,86,139,79,132,79,134,79,137,84,148,90,158,107,203,115,213,129,213,121,216,125,208,114,190,103,157,81,131,67,104,54,88,44,64,35,56,32,52,30,49,27,40,19,25,11,14,11,6,,,,,,,,,,,,,,,,,
Circle / Hammersmith & City,IR,Bayswater,Notting Hill Gate,7,16,10,16,43,28,65,60,146,105,244,136,328,394,190,209,432,198,339,183,320,171,295,159,257,136,217,122,200,110,185,102,167,94,160,92,158,90,160,97,175,105,193,124,237,132,249,148,254,142,261,146,249,133,224,107,184,168,75,133,71,120,57,49,92,39,64,35,57,32,53,28,43,20,27,11,14,10,5,,,,,,,,,,,,,,,,,
Circle / Hammersmith & City,IR,Notting Hill Gate,High Street Kensington,8,16,13,37,32,71,52,134,110,248,188,424,293,574,339,596,332,510,270,446,257,414,232,399,214,347,187,318,177,296,160,273,151,254,141,248,142,247,140,253,154,273,162,314,192,337,202,434,217,190,442,396,185,346,184,293,148,225,120,181,96,149,79,123,65,102,53,89,50,85,46,79,39,56,25,33,14,15,12,,,,,,,,,,,,,,,,,
Circle / Hammersmith & City,IR,High Street Kensington,Gloucester Road,,7,23,17,27,64,49,130,105,256,195,448,305,612,353,624,342,539,284,482,273,455,254,449,240,406,217,387,211,368,197,349,187,330,180,327,182,335,189,361,214,407,240,473,275,514,309,564,340,641,361,644,348,553,275,433,208,322,161,252,126,202,107,175,90,152,79,135,72,126,65,111,52,77,34,43,15,,,,,,,,,,,,,,,,,,,
Circle / Hammersmith & City,IR,Gloucester Road,South Kensington,,10,20,38,26,39,94,78,178,146,328,252,526,342,632,367,614,334,529,295,480,271,444,251,415,231,368,213,360,204,331,194,317,181,300,178,297,179,305,194,350,217,394,244,433,263,564,290,318,661,300,604,593,263,477,244,356,178,258,137,196,105,163,91,143,80,129,75,118,67,111,61,90,44,64,26,14,,,,,,,,,,,,,,,,,,,
Circle / Hammersmith & City,IR,South Kensington,Sloane Square,,,21,40,27,41,97,80,180,144,322,250,509,320,588,342,552,299,475,260,408,223,361,206,340,194,325,194,340,196,330,195,328,187,324,197,340,205,365,223,402,246,451,279,506,312,581,350,640,395,708,400,679,354,524,263,373,187,281,152,228,124,203,115,185,103,173,103,171,101,172,91,134,61,77,33,35,25,,,,,,,,,,,,,,,,,,
Circle / Hammersmith & City,IR,Sloane Square,Victoria,,,24,43,29,34,105,170,96,115,352,516,265,289,690,635,290,556,286,522,244,220,418,203,337,191,323,193,343,197,336,198,335,191,338,205,358,214,387,237,431,222,487,602,275,282,712,757,344,422,867,428,729,349,569,570,204,205,372,167,256,139,231,136,225,125,216,126,202,116,196,103,153,67,93,81,22,32,,,,,,,,,,,,,,,,,,
Circle / Hammersmith & City,IR,Victoria,St. James's Park,,,21,31,30,79,63,153,116,255,205,467,325,665,399,721,386,616,307,483,246,379,200,339,188,308,173,303,176,294,168,294,162,271,159,277,159,281,164,293,176,309,190,353,212,378,243,444,265,490,289,497,273,447,220,325,155,218,109,171,91,146,81,139,77,130,73,133,79,140,76,132,63,84,41,58,23,26,,,,,,,,,,,,,,,,,,
Circle / Hammersmith & City,IR,St. James's Park,Westminster,,,,15,59,40,60,149,108,235,191,427,296,601,360,635,339,530,264,410,212,328,177,306,174,293,168,300,175,295,170,297,164,274,161,282,162,289,170,307,189,337,210,396,239,429,280,512,308,569,335,568,310,498,244,352,168,232,117,183,97,156,86,147,81,136,76,138,81,144,78,136,65,87,43,59,23,26,,,,,,,,,,,,,,,,,,
Circle / Hammersmith & City,IR,Westminster,Embankment,,,,11,46,31,48,119,67,198,326,185,213,567,551,271,574,265,217,399,169,255,142,246,140,239,141,252,147,256,149,260,146,248,143,250,145,254,153,277,169,308,192,364,221,399,217,467,572,262,308,598,280,433,195,293,256,94,193,91,83,155,76,124,69,116,67,119,72,124,66,106,49,62,30,39,16,20,,,,,,,,,,,,,,,,,,
Circle / Hammersmith & City,IR,Embankment,Temple,,,,24,17,34,83,63,143,115,270,216,472,310,598,341,574,290,445,221,324,161,260,142,248,138,246,139,252,140,252,142,251,140,250,142,252,143,261,153,280,166,315,191,353,210,392,236,505,262,239,534,444,190,339,161,220,105,154,81,133,73,127,72,122,68,121,73,132,73,127,63,91,40,55,27,37,15,,,,,,,,,,,,,,,,,,
Circle / Hammersmith & City,IR,Temple,Blackfriars,,,,22,16,31,75,56,126,102,239,193,422,274,527,295,487,243,369,183,271,135,221,121,212,118,213,123,224,125,226,128,227,127,230,132,238,137,256,152,280,167,323,195,363,216,411,247,458,274,508,280,462,231,349,162,221,108,163,88,148,82,143,80,137,78,141,84,153,83,140,69,99,43,59,29,39,16,,,,,,,,,,,,,,,,,,
Circle / Hammersmith & City,IR,Blackfriars,Mansion House,,,,19,14,26,63,36,103,165,97,123,373,405,226,508,246,207,373,156,234,118,199,110,194,107,198,114,210,116,213,119,210,116,212,122,222,128,241,142,266,158,308,156,345,349,195,466,244,258,538,234,430,398,163,298,129,101,187,82,141,78,135,75,130,73,134,80,147,79,134,66,94,41,57,28,38,15,,,,,,,,,,,,,,,,,,
Circle / Hammersmith & City,IR,Mansion House,Cannon Street,,,,12,24,17,28,67,46,109,84,197,150,326,196,371,202,321,156,240,124,187,101,176,103,175,103,182,109,191,110,192,112,192,112,198,120,212,128,233,144,262,164,302,187,338,210,385,238,431,262,455,242,382,191,263,123,175,90,138,78,135,75,128,74,125,75,135,82,142,75,121,57,74,34,49,22,30,24,,,,,,,,,,,,,,,,,
Circle / Hammersmith & City,IR,Cannon Street,Bank and Monument,,,,11,24,17,27,65,44,104,80,187,141,306,184,349,188,297,144,222,115,176,97,170,100,171,100,178,106,186,107,188,109,188,109,194,117,208,126,230,142,259,162,297,182,328,203,370,227,411,250,432,230,367,184,254,120,172,89,137,78,134,75,128,74,126,75,136,82,143,76,121,57,73,34,46,19,26,19,,,,,,,,,,,,,,,,,
Circle / Hammersmith & City,IR,Bank and Monument,Tower Hill,,,,11,20,13,21,51,35,80,47,136,207,113,118,289,257,114,222,105,91,171,80,141,83,142,84,149,89,157,92,162,95,164,96,172,104,185,112,207,128,235,123,272,334,152,159,403,432,198,236,467,210,335,154,238,226,84,86,160,74,128,71,123,71,121,72,130,78,136,73,116,55,70,29,43,37,12,19,,,,,,,,,,,,,,,,,
Circle / Hammersmith & City,IR,Tower Hill,Aldgate,,,,17,25,22,51,39,89,59,121,89,193,125,249,143,244,118,170,86,135,77,133,83,150,87,150,91,157,92,159,97,169,100,173,104,183,111,197,124,226,138,258,157,294,169,315,193,354,202,373,211,345,177,279,140,193,94,141,77,123,72,124,72,121,69,117,69,122,69,117,61,92,41,53,25,30,12,15,,,,,,,,,,,,,,,,,
Circle / Hammersmith & City,IR,Aldgate,Liverpool Street,,4,14,21,20,47,35,77,56,107,74,154,108,210,134,244,130,214,97,69,155,132,68,144,87,154,88,162,96,167,97,174,103,179,105,186,112,198,120,223,138,253,160,306,182,331,204,381,229,418,242,422,221,346,179,275,131,188,96,143,79,134,77,134,76,125,71,121,71,121,68,113,57,81,37,54,22,13,11,,,,,,,,,,,,,,,,,
Circle / Hammersmith & City,OR,Liverpool Street,Aldgate,5,5,14,14,33,36,83,70,158,115,247,191,399,256,499,252,472,469,185,195,368,163,285,155,260,145,242,138,233,129,214,123,206,116,201,119,205,118,210,123,214,124,220,111,222,219,111,223,137,246,156,290,166,276,143,213,101,140,70,121,58,58,117,60,104,58,94,53,88,48,84,45,72,36,53,21,24,17,,,,,,,,,,,,,,,,,,
Circle / Hammersmith & City,OR,Aldgate,Tower Hill,,2,9,,13,43,37,89,73,156,118,268,190,374,227,404,217,336,176,286,156,254,142,247,139,233,131,227,128,213,118,201,113,187,108,190,110,190,112,198,117,207,119,212,123,211,122,224,136,250,155,291,163,272,139,208,97,135,68,102,56,95,56,98,57,97,53,89,48,78,43,71,37,59,28,36,13,,,,,,,,,,,,,,,,,,,
Circle / Hammersmith & City,OR,Tower Hill,Bank and Monument,,,11,15,28,72,45,128,195,101,142,330,176,403,423,206,387,193,322,152,139,267,127,218,120,195,112,193,111,188,106,178,100,167,96,166,96,166,97,171,101,177,92,198,201,107,224,137,249,156,285,169,294,156,244,122,170,82,131,61,51,97,44,72,39,66,38,64,36,60,32,52,26,38,19,24,9,,,,,,,,,,,,,,,,,,,
Circle / Hammersmith & City,OR,Bank and Monument,Cannon Street,,,8,14,41,35,89,67,161,108,231,167,353,221,421,233,383,189,275,151,278,134,131,266,126,209,119,209,120,204,115,197,110,186,107,188,108,189,111,197,115,201,103,221,226,123,265,141,319,393,182,213,420,191,299,149,206,98,142,72,122,58,53,101,47,80,45,78,43,74,40,63,29,47,45,14,11,,,,,,,,,,,,,,,,,,,
Circle / Hammersmith & City,OR,Cannon Street,Mansion House,,,8,16,45,39,97,73,173,116,246,182,382,239,453,250,401,197,282,155,248,137,239,136,227,124,213,121,217,119,209,115,199,109,193,109,193,110,197,114,206,117,212,128,234,122,280,298,172,371,218,462,228,206,377,161,222,106,155,79,118,63,102,54,89,49,84,47,80,44,74,38,59,29,44,18,11,,,,,,,,,,,,,,,,,,,
Circle / Hammersmith & City,OR,Mansion House,Blackfriars,,,8,32,23,40,99,74,176,118,248,183,382,237,449,247,395,194,280,154,248,137,240,137,229,126,219,125,225,124,218,120,207,114,202,114,204,116,208,120,219,124,228,139,255,134,311,334,196,421,249,463,258,426,212,331,156,220,105,176,80,70,133,60,100,55,95,53,90,50,83,43,66,32,50,20,12,,,,,,,,,,,,,,,,,,,
Circle / Hammersmith & City,OR,Blackfriars,Temple,,,10,37,26,42,104,78,183,103,261,315,204,443,259,479,246,380,178,322,154,143,281,144,243,133,234,133,242,133,236,129,225,123,219,123,221,125,228,131,242,136,254,133,290,306,179,383,209,489,580,268,300,573,246,381,181,254,121,199,90,79,150,68,113,62,106,58,100,54,90,46,72,34,49,22,26,19,,,,,,,,,,,,,,,,,,
Circle / Hammersmith & City,OR,Temple,Embankment,,,10,27,26,58,50,116,91,194,133,294,204,403,231,423,215,328,155,251,138,228,129,233,130,216,125,217,131,226,130,221,128,213,125,215,128,223,134,236,144,254,156,291,180,339,181,429,467,270,647,334,327,625,270,412,198,284,138,206,106,169,90,144,80,132,75,128,72,121,63,99,49,71,34,50,19,22,,,,,,,,,,,,,,,,,,
Circle / Hammersmith & City,OR,Embankment,Westminster,,,13,37,32,68,57,133,103,229,154,343,236,465,260,476,220,361,313,135,295,142,136,276,139,236,133,231,134,233,131,227,129,218,126,224,132,232,137,249,147,263,154,286,144,320,349,208,450,286,534,313,610,291,231,472,377,138,139,259,111,181,99,162,92,160,94,169,98,167,85,134,63,85,41,59,22,26,,,,,,,,,,,,,,,,,,
Circle / Hammersmith & City,OR,Westminster,St. James's Park,,,21,23,61,43,130,81,114,267,171,376,211,490,491,244,444,221,308,159,286,140,136,274,139,237,131,230,135,237,132,234,131,225,129,233,137,245,145,267,159,281,142,312,317,181,401,262,510,322,592,343,599,318,503,259,388,191,276,143,243,113,104,205,97,170,99,178,105,180,95,150,70,95,46,61,24,29,,,,,,,,,,,,,,,,,,
Circle / Hammersmith & City,OR,St. James's Park,Victoria,,,21,22,58,39,91,71,155,114,238,167,345,212,377,208,330,163,233,124,197,120,209,124,226,132,219,128,227,133,225,130,226,128,215,131,231,136,248,155,278,167,300,192,353,192,456,504,288,616,365,743,367,337,628,270,405,198,289,148,226,117,188,105,173,99,171,103,185,102,173,90,132,60,84,39,48,18,,,,,,,,,,,,,,,,,,
Circle / Hammersmith & City,OR,Victoria,Sloane Square,,,21,58,40,57,136,102,227,171,380,266,559,293,581,563,244,437,216,383,185,179,347,175,315,175,294,166,291,157,264,152,260,141,248,141,246,142,253,154,284,165,298,189,342,183,441,484,273,590,345,608,339,620,284,242,445,175,258,133,205,101,161,84,135,74,129,80,148,81,144,74,105,47,66,31,40,16,,,,,,,,,,,,,,,,,,
Circle / Hammersmith & City,OR,Sloane Square,South Kensington,,,,18,36,106,60,67,210,225,162,370,259,502,282,486,255,380,190,302,164,313,153,152,310,150,254,142,251,133,228,130,226,122,219,124,221,125,229,138,256,146,277,147,326,354,218,473,249,565,575,280,615,296,254,469,199,284,144,224,113,190,92,79,149,70,125,76,140,76,134,68,97,43,62,29,39,15,,,,,,,,,,,,,,,,,,
Circle / Hammersmith & City,OR,South Kensington,Gloucester Road,,,16,14,26,68,45,103,81,179,130,279,183,348,193,326,169,262,133,215,114,184,97,157,91,152,91,164,101,173,102,182,107,179,108,193,116,204,124,221,136,242,151,295,186,366,203,495,521,295,583,327,541,288,483,227,186,332,137,219,114,182,98,151,80,131,76,136,82,140,77,126,60,79,38,57,24,15,,,,,,,,,,,,,,,,,,
Circle / Hammersmith & City,OR,Gloucester Road,High Street Kensington,,5,8,9,28,26,65,54,124,98,208,156,329,207,379,215,348,182,283,150,237,125,195,109,182,109,188,116,205,123,214,128,221,128,218,135,237,145,260,162,290,172,304,200,365,227,440,297,564,299,635,713,287,290,529,222,319,160,240,126,186,103,164,91,146,83,139,85,148,86,146,76,115,53,76,35,23,37,23,,,,,,,,,,,,,,,,,
Circle / Hammersmith & City,OR,High Street Kensington,Notting Hill Gate,2,3,9,10,13,32,22,40,31,74,53,122,96,204,113,218,114,180,90,161,83,145,72,129,71,133,75,150,86,164,90,170,94,175,95,184,105,204,117,232,135,258,145,304,183,345,214,430,269,512,302,552,288,443,217,330,155,238,119,195,98,165,86,144,76,133,71,130,75,136,71,123,60,87,37,61,25,16,25,,,,,,,,,,,,,,,,,
Circle / Hammersmith & City,OR,Notting Hill Gate,Bayswater,3,3,21,11,9,32,21,32,24,51,36,82,68,145,83,162,84,129,62,105,51,86,42,73,41,74,43,83,49,93,52,98,56,103,58,110,65,126,72,142,86,164,95,204,123,233,143,285,171,328,190,344,176,273,132,202,96,152,78,130,65,112,58,94,50,87,46,86,51,96,51,89,44,64,28,48,20,14,22,,,,,,,,,,,,,,,,,
Circle / Hammersmith & City,OR,Bayswater,Paddington TfL,4,4,24,13,10,35,21,32,23,47,32,73,47,131,137,77,165,81,66,129,55,90,41,69,38,66,38,71,42,78,44,81,47,84,48,89,53,101,58,112,69,132,77,181,108,204,122,239,114,257,267,134,254,125,184,90,132,65,106,59,102,49,46,85,37,63,33,60,37,66,35,59,30,42,19,38,17,11,19,,,,,,,,,,,,,,,,,
Circle / Hammersmith & City,OR,Paddington TfL,Edgware Road,8,19,22,27,44,48,84,92,149,153,240,238,349,310,407,318,361,253,270,192,214,160,185,143,167,128,152,124,154,121,150,121,146,115,142,114,142,114,145,123,159,133,176,157,207,168,230,256,270,234,333,252,239,276,239,154,177,123,130,79,106,78,86,67,78,61,76,60,73,57,69,49,54,37,36,19,23,16,10,,,,,,,,,,,,,,,,,4
Circle / Hammersmith & City,OR,Hammersmith,Goldhawk Road,4,8,11,10,22,22,31,47,66,89,115,146,173,190,191,182,161,134,110,95,83,75,69,66,65,63,63,65,67,67,67,67,67,66,65,65,65,65,69,73,77,82,91,100,118,127,138,147,154,150,150,145,136,122,107,93,78,64,55,48,42,40,38,34,34,36,36,36,37,36,33,30,26,21,16,11,8,14,8,,,,,,,,,,,,,,,,4,1
Circle / Hammersmith & City,OR,Goldhawk Road,Shepherd's Bush Market,6,9,15,21,19,29,42,60,84,113,146,184,215,233,230,217,189,156,127,110,95,86,79,75,73,71,71,72,74,74,74,73,73,71,70,70,70,69,73,77,81,87,96,106,124,134,146,156,164,161,163,156,147,131,114,99,82,67,57,50,44,42,40,36,36,37,38,38,40,40,37,33,29,23,12,12,13,8,10,,,,,,,,,,,,,,,,5,2
Circle / Hammersmith & City,OR,Shepherd's Bush Market,Wood Lane,8,12,19,28,26,32,55,119,81,144,193,233,271,290,286,266,228,187,152,130,111,100,91,87,85,82,81,82,83,82,82,82,81,80,80,80,79,78,83,86,90,97,107,116,121,136,222,159,167,180,178,174,163,150,131,114,95,82,69,45,53,50,46,44,45,45,46,46,48,49,46,42,36,28,14,14,15,9,11,,,,,,,,,,,,,,,,7,2
Circle / Hammersmith & City,OR,Wood Lane,Latimer Road,6,28,13,32,39,27,81,79,105,146,192,241,287,315,330,307,200,218,175,134,115,104,97,94,91,88,88,89,90,90,91,91,91,91,91,91,91,91,95,99,97,103,168,122,138,162,180,198,213,221,224,217,203,183,159,138,115,102,87,58,68,64,59,59,58,58,58,56,56,56,52,46,39,29,15,15,15,10,12,,,,,,,,,,,,,,,,3,1
Circle / Hammersmith & City,OR,Latimer Road,Ladbroke Grove,10,15,14,32,44,41,60,86,115,155,202,251,296,323,325,304,267,218,176,146,126,111,104,100,97,93,92,93,94,94,95,96,96,96,95,96,96,96,99,105,109,116,127,140,158,175,197,218,237,244,250,243,225,200,175,149,124,104,88,78,69,64,63,64,62,62,63,61,60,60,57,51,43,34,18,17,12,12,15,,,,,,,,,,,,,,,,,1
Circle / Hammersmith & City,OR,Ladbroke Grove,Westbourne Park,9,18,26,25,51,49,69,97,129,171,223,278,326,358,363,341,298,245,197,164,142,126,120,118,117,114,115,117,118,118,120,122,122,123,123,124,123,123,126,134,141,149,162,178,196,212,238,260,280,287,293,283,261,231,203,172,141,118,100,87,77,72,71,71,69,69,70,69,67,66,63,57,49,39,22,21,14,14,16,,,,,,,,,,,,,,,,,1
Circle / Hammersmith & City,OR,Westbourne Park,Royal Oak,8,21,31,30,61,51,71,149,149,196,198,331,359,384,588,386,334,227,246,205,159,143,137,135,133,129,129,132,132,131,133,134,134,133,134,135,134,133,137,145,152,159,174,190,189,209,350,258,279,310,314,308,288,258,227,193,162,131,117,100,67,82,80,74,72,73,74,73,71,70,66,60,51,42,30,16,23,16,8,,,,,,,,,,,,,,,,,1
Circle / Hammersmith & City,OR,Royal Oak,Paddington TfL,9,38,18,42,60,55,78,109,143,190,246,314,378,422,435,417,373,309,251,207,180,158,147,143,141,138,135,138,138,138,138,141,140,139,139,141,140,139,141,149,156,163,175,192,207,228,254,281,305,320,323,316,297,265,235,200,168,136,116,98,89,81,79,78,76,75,76,76,74,73,71,64,57,47,27,25,18,16,10,,,,,,,,,,,,,,,,,2
Circle / Hammersmith & City,OR,Edgware Road,Baker Street,11,25,44,68,61,82,117,152,196,251,316,396,476,531,564,566,529,465,411,363,324,291,274,256,243,231,220,219,218,214,212,211,207,203,201,201,202,202,204,213,220,232,245,276,303,328,358,393,411,428,438,441,422,390,343,303,250,206,176,160,143,133,126,122,113,110,107,108,104,104,98,93,82,71,57,35,37,27,13,,,,,,,,,,,,,,,,,5
Circle / Hammersmith & City,OR,Baker Street,Great Portland Street,13,34,52,53,71,101,117,176,292,182,447,379,431,515,553,569,557,520,462,309,366,320,280,257,242,225,215,213,212,207,204,204,199,194,191,192,191,193,197,205,213,208,220,356,260,285,323,349,376,390,400,412,404,375,341,301,255,209,190,168,113,135,128,113,106,102,100,100,97,97,94,88,79,70,55,35,55,20,18,39,,,,,,,,,,,,,,,,7
Circle / Hammersmith & City,OR,Great Portland Street,Euston Square,20,23,45,47,91,87,114,151,195,242,296,359,430,481,515,527,515,462,412,370,330,295,279,259,246,231,219,215,216,212,210,208,207,200,197,196,199,198,203,211,223,232,249,268,293,316,343,371,399,414,427,435,423,390,355,312,265,218,191,166,151,136,131,122,118,109,109,106,105,102,103,96,88,77,65,39,43,31,16,41,,,,,,,,,,,,,,,,7
Circle / Hammersmith & City,OR,Euston Square,King's Cross St. Pancras,15,29,31,71,64,87,119,155,200,247,303,369,440,489,518,525,506,447,392,352,314,282,266,252,240,226,217,218,221,217,218,217,217,210,208,205,208,207,214,222,237,248,245,270,467,332,271,413,437,436,419,430,664,408,266,351,464,238,157,202,180,151,147,137,133,122,121,116,114,110,111,103,95,82,71,42,48,34,19,46,,,,,,,,,,,,,,,,
Circle / Hammersmith & City,OR,King's Cross St. Pancras,Farringdon,14,31,49,50,67,100,113,149,286,241,284,378,467,542,595,633,641,548,371,647,282,302,305,268,251,235,221,219,218,214,211,212,209,205,204,202,204,206,210,215,227,221,229,386,268,290,315,348,352,383,385,408,391,381,340,319,269,243,220,200,135,170,157,138,137,126,127,119,118,112,111,100,93,79,69,60,50,28,29,56,,,,,,,,,,,,,,,,
Circle / Hammersmith & City,OR,Farringdon,Barbican,23,14,32,54,51,82,105,144,186,234,249,344,605,316,480,778,356,419,392,314,279,244,237,228,221,207,198,194,195,194,192,195,195,193,192,195,196,203,206,217,226,239,249,277,288,280,303,473,335,350,395,417,413,290,344,319,379,175,196,199,166,168,153,156,147,145,135,137,129,129,123,121,104,95,82,67,40,45,33,30,,,,,,,,,,,,,,,,
Circle / Hammersmith & City,OR,Barbican,Moorgate,22,20,20,52,51,78,100,123,177,332,176,292,533,389,410,449,464,401,269,480,215,230,240,219,212,200,193,189,191,190,189,191,192,190,190,194,195,202,208,218,229,243,254,255,281,433,315,327,378,379,411,398,406,366,348,299,275,231,224,201,142,181,175,160,151,150,140,143,134,133,127,123,106,96,79,68,55,34,33,37,,,,,,,,,,,,,,,,
Circle / Hammersmith & City,OR,Moorgate,Liverpool Street,19,20,28,27,62,60,81,107,140,169,198,239,284,322,340,352,341,307,264,242,218,200,190,191,184,178,170,171,170,170,169,172,174,171,173,176,180,182,192,200,213,218,241,255,288,297,334,341,380,380,412,397,403,357,337,285,261,215,205,176,172,158,162,147,149,138,138,131,133,124,128,117,109,93,83,66,60,47,27,38,,,,,,,,,,,,,,,,
Circle / Hammersmith & City,OR,Liverpool Street,Aldgate East,,,32,44,73,85,61,140,88,184,115,238,157,310,162,330,343,129,126,232,108,175,99,182,101,173,99,177,105,185,108,197,116,204,121,219,130,236,143,265,161,295,196,392,212,497,549,302,646,404,757,428,760,394,672,313,241,477,419,169,176,335,162,265,149,252,140,235,129,212,115,185,92,142,76,120,63,57,33,22,,,,,,,,,,,,,,,,
Circle / Hammersmith & City,OR,Aldgate East,Whitechapel,,,28,39,51,67,73,48,102,63,126,81,152,93,170,87,138,69,98,54,97,57,102,60,104,61,106,63,116,70,124,78,141,84,149,90,159,98,180,115,212,135,251,174,341,221,445,282,541,336,629,355,625,323,510,254,389,195,307,160,261,143,238,132,219,124,201,114,186,102,165,91,146,73,114,62,106,55,29,19,,,,,,,,,,,,,,,,
Circle / Hammersmith & City,OR,Whitechapel,Stepney Green,,,32,44,55,71,75,49,108,70,141,75,168,178,84,153,79,115,52,101,54,56,113,62,114,66,118,70,129,75,135,83,152,88,161,96,170,104,195,105,235,253,141,319,203,409,257,499,310,675,344,312,717,595,259,468,237,347,175,321,157,147,285,140,236,131,214,118,196,105,171,86,156,140,61,127,62,51,32,24,44,,,,,,,,,,,,,,,
Circle / Hammersmith & City,OR,Stepney Green,Mile End,,,16,,53,34,80,45,103,113,66,138,83,150,77,120,60,85,38,62,41,74,44,86,52,92,55,101,61,113,66,124,74,134,79,145,87,161,101,197,122,237,148,303,193,393,248,481,298,555,329,592,340,564,292,445,226,331,167,273,149,248,136,236,127,218,115,193,103,172,90,156,83,128,66,118,57,47,31,22,41,,,,,,,,,,,,,,,
Circle / Hammersmith & City,OR,Mile End,Bow Road,,,18,,69,72,50,109,66,123,78,151,77,149,154,59,56,102,39,62,37,66,41,79,47,85,50,93,56,106,60,113,70,130,76,153,89,168,104,215,128,246,149,307,162,406,443,268,640,331,338,695,336,561,267,474,481,180,188,352,162,269,154,265,148,256,140,240,131,223,118,190,106,160,79,153,72,59,56,22,42,,,,,,,,,,,,,,,
Circle / Hammersmith & City,OR,Bow Road,Bromley-by-Bow,,,18,,66,68,47,101,52,114,123,70,142,78,131,65,95,46,62,33,65,34,38,80,43,80,47,87,53,99,56,106,65,121,71,144,84,159,98,203,102,232,235,145,305,209,416,275,513,311,556,324,560,303,490,255,398,195,341,160,147,285,140,241,134,233,127,217,117,200,105,168,80,142,131,70,131,45,52,23,38,,,,,,,,,,,,,,,
Circle / Hammersmith & City,OR,Bromley-by-Bow,West Ham,,,,41,65,76,38,93,94,52,113,70,130,70,116,57,82,40,54,29,50,31,58,37,70,42,77,47,85,52,94,56,105,64,118,74,138,85,161,105,197,122,226,152,291,199,398,221,489,589,263,304,604,281,455,235,367,180,280,146,238,130,226,126,217,121,203,112,189,103,169,89,144,76,119,67,117,60,49,21,25,,,,,,,,,,,,,,,
Circle / Hammersmith & City,OR,West Ham,Plaistow,,,,35,47,67,68,44,90,58,118,63,134,145,59,53,102,73,27,50,29,61,32,37,78,40,75,47,86,53,101,59,111,66,122,75,140,85,166,109,202,122,228,148,272,153,379,416,230,500,296,534,296,509,264,426,217,344,168,281,133,123,243,125,227,126,210,112,192,105,167,92,153,79,123,69,115,62,55,32,21,,,,,,,,,,,,,,,
Circle / Hammersmith & City,OR,Plaistow,Upton Park,,,,35,45,54,65,84,43,47,123,120,64,119,65,101,49,70,35,47,28,49,31,59,38,66,41,75,48,86,53,94,59,106,64,115,74,130,86,162,106,199,118,221,143,274,182,371,228,445,265,476,263,452,235,376,193,307,150,232,119,187,109,197,110,194,109,177,96,160,86,137,74,134,62,118,113,54,95,21,18,,,,,,,,,,,,,,,
Circle / Hammersmith & City,OR,Upton Park,East Ham,,,,33,42,50,58,61,36,76,50,96,56,95,54,84,41,59,29,37,22,37,23,43,27,47,30,54,34,60,38,67,43,77,48,84,55,96,64,118,79,146,87,161,105,196,133,266,142,320,384,171,189,370,154,272,281,112,110,199,84,131,78,139,79,138,79,125,69,112,61,96,52,95,45,69,84,77,34,20,14,,,,,,,,,,,,,,,
Circle / Hammersmith & City,OR,East Ham,Barking,,,,31,38,44,52,53,32,67,43,77,42,70,77,31,57,24,38,15,30,15,17,35,20,33,22,37,24,41,27,45,30,51,33,55,37,63,43,75,46,92,96,48,108,62,129,84,163,100,192,110,191,106,177,95,147,81,123,62,90,50,82,49,98,49,49,91,43,67,37,55,27,56,50,21,,25,17,12,9,13,,,,,,,,,,,,,,
Jubilee,NB,Stratford,West Ham,,31,101,106,149,137,166,189,164,172,137,128,191,198,170,191,146,119,142,122,126,91,107,107,77,79,102,85,71,76,89,73,88,87,71,88,75,71,71,106,68,116,164,89,155,173,107,135,129,125,134,147,111,130,112,101,137,152,114,138,129,84,105,92,85,84,98,91,67,75,70,57,48,67,37,22,19,,,,,,,,,,,,,,,,,,,
Jubilee,NB,West Ham,Canning Town,,86,126,161,282,236,340,265,279,293,251,266,278,330,331,271,240,204,239,208,216,153,180,175,128,124,128,159,104,106,127,108,128,106,124,130,104,99,100,146,94,120,172,138,110,216,148,136,172,132,168,127,155,125,132,100,140,129,148,138,96,97,96,78,77,74,89,82,64,71,66,58,50,52,55,28,15,,,,,,,,,,,,,,,,,,,
Jubilee,NB,Canning Town,North Greenwich,,93,244,190,252,355,404,314,399,307,368,296,353,438,439,361,328,281,324,276,297,205,186,228,213,162,163,167,162,136,162,138,134,159,157,161,132,132,133,154,157,166,167,181,194,209,177,172,201,156,196,149,177,149,152,112,157,148,160,119,129,95,87,72,70,67,79,74,59,66,50,54,61,50,41,32,26,40,,,,,,,,,,,,,,,,,,
Jubilee,NB,North Greenwich,Canary Wharf,,117,149,244,274,357,338,333,356,282,404,328,396,499,504,421,388,335,317,232,275,242,175,174,191,148,145,186,179,151,184,155,152,184,177,147,175,143,143,146,149,130,164,168,156,194,173,163,226,174,220,166,199,163,164,116,135,125,130,104,116,107,85,104,84,82,112,127,147,228,199,230,264,184,107,70,45,97,,,,,,,,,,,,,,,,,,
Jubilee,NB,Canary Wharf,Canada Water,,105,182,168,310,255,376,309,328,273,395,325,410,494,426,483,376,314,319,239,237,263,233,189,212,176,173,220,231,189,194,236,191,226,227,190,233,195,195,209,216,194,256,282,268,348,344,391,438,466,489,482,452,414,436,325,289,289,245,261,228,164,183,147,133,131,155,184,219,224,290,284,244,231,150,123,60,67,,,,,,,,,,,,,,,,,,
Jubilee,NB,Canada Water,Bermondsey,,186,136,229,247,347,431,335,386,367,410,453,431,607,623,494,456,468,334,284,293,311,280,227,260,218,208,217,326,217,214,266,221,253,209,253,256,206,213,231,235,211,274,308,278,307,403,390,426,462,486,482,454,417,439,327,288,288,243,258,227,167,182,148,134,132,161,179,172,255,281,269,241,238,157,94,60,68,,,,,,,,,,,,,,,,,,
Jubilee,NB,Bermondsey,London Bridge,,190,136,229,248,325,408,393,374,359,413,454,449,628,553,610,501,483,312,352,311,315,305,238,233,276,226,218,273,267,220,275,229,218,267,262,211,257,227,228,213,250,238,365,283,305,425,394,377,547,495,480,465,429,450,341,294,252,304,261,188,204,155,171,134,126,158,172,175,259,238,274,250,233,153,124,60,45,,,,,,,,,,,,,,,,,,
Jubilee,NB,London Bridge,Southwark,,,79,281,215,285,394,373,310,408,397,428,427,595,520,574,462,460,338,299,309,273,384,246,236,290,243,240,304,299,252,309,257,247,302,295,247,299,261,260,240,277,259,387,303,324,421,404,437,476,493,497,466,436,450,348,308,269,265,275,244,215,166,192,160,147,148,183,211,237,215,250,232,229,163,109,75,59,,,,,,,,,,,,,,,,,,
Jubilee,NB,Southwark,Waterloo,,,106,165,217,364,299,449,311,398,401,428,422,585,507,552,453,443,290,333,264,318,300,245,298,244,245,255,311,305,257,304,262,302,249,303,318,258,263,272,282,292,265,341,376,347,456,428,423,590,459,602,497,450,491,369,283,331,277,285,258,191,213,204,163,157,153,197,212,197,264,263,236,195,179,156,76,44,,,,,,,,,,,,,,,,,,
Jubilee,NB,Waterloo,Westminster,,,74,203,165,229,308,304,318,354,308,468,379,434,516,485,374,330,284,253,255,233,325,213,207,254,208,213,266,261,221,269,222,213,260,253,215,259,221,227,241,205,218,345,297,243,446,341,327,464,369,475,355,431,343,294,261,226,264,191,208,195,145,167,139,129,126,151,168,179,162,185,173,173,132,88,68,60,113,,,,,,,,,,,,,,,,,
Jubilee,NB,Westminster,Green Park,,,100,103,142,247,207,319,225,284,286,367,301,347,340,370,331,242,210,197,207,186,213,218,173,174,224,191,189,242,241,198,246,207,198,248,245,201,249,219,231,241,194,356,322,262,389,369,387,414,425,430,402,378,391,295,256,228,224,245,221,166,187,181,142,138,135,166,171,150,191,186,166,141,133,96,89,43,106,,,,,,,,,,,,,,,,,
Jubilee,NB,Green Park,Bond Street,,,56,104,87,116,173,223,158,207,213,275,227,262,256,276,243,173,151,137,123,165,159,128,134,161,132,136,176,173,150,186,157,153,191,190,164,203,177,183,195,202,193,256,284,274,357,339,365,392,403,397,382,421,323,289,258,221,219,239,212,170,188,152,174,139,133,171,175,153,192,150,162,177,137,107,84,58,136,,,,,,,,,,,,,,,,,
Jubilee,NB,Bond Street,Baker Street,,,88,49,72,134,108,172,145,158,159,207,171,194,186,197,171,117,101,94,86,94,109,106,88,106,89,92,120,117,104,133,114,113,147,148,130,161,144,149,163,169,164,222,251,245,327,311,341,366,379,378,379,409,282,338,260,223,233,209,227,217,197,160,190,156,153,156,188,193,191,154,171,153,149,124,125,65,77,,,,,,,,,,,,,,,,,
Jubilee,NB,Baker Street,St. John's Wood,,,54,38,66,70,98,128,106,123,126,158,128,143,133,131,111,73,61,57,55,61,72,72,61,75,67,67,74,114,78,82,106,93,112,99,126,134,116,128,143,147,143,190,219,238,247,322,267,326,350,344,350,377,269,392,222,219,239,206,232,216,169,197,162,149,149,183,182,147,180,174,154,138,151,128,104,73,95,,,,,,,,,,,,,,,,,
Jubilee,NB,St. John's Wood,Swiss Cottage,,,,21,77,60,74,76,90,84,93,93,102,94,121,94,91,64,49,45,50,42,58,59,51,63,55,57,63,76,79,70,86,80,99,85,113,124,106,117,134,135,131,174,204,219,223,303,278,269,380,292,379,318,287,322,243,190,227,204,219,205,154,179,177,140,138,140,174,170,139,163,160,134,120,167,106,70,66,,,,,,,,,,,,,,,,,
Jubilee,NB,Swiss Cottage,Finchley Road,,,,25,47,48,65,81,75,71,78,67,96,77,97,79,77,54,43,38,35,40,48,50,43,45,56,50,53,68,70,63,81,71,74,96,100,89,113,105,116,129,120,138,237,203,177,336,257,243,355,281,358,271,324,263,225,201,173,226,199,157,179,145,162,131,123,153,152,128,156,127,140,130,139,115,99,97,47,,,,,,,,,,,,,,,,,
Jubilee,NB,Finchley Road,West Hampstead,,,,16,27,33,61,49,74,51,66,63,67,69,65,59,58,41,38,30,28,29,41,41,35,44,38,41,43,54,56,50,62,58,71,62,79,86,74,83,91,98,106,110,176,143,165,216,204,216,234,240,246,231,223,229,177,153,137,140,161,147,116,138,134,107,108,110,135,133,107,125,117,100,87,96,101,56,51,101,,,,,,,,,,,,,,,,
Jubilee,NB,West Hampstead,Kilburn,,,,13,32,26,35,46,54,51,60,55,53,64,62,53,54,42,34,26,25,26,40,41,33,36,45,38,40,43,56,49,53,56,57,79,82,69,92,83,85,78,109,101,117,162,157,216,198,189,276,210,282,203,254,172,166,128,154,120,128,105,122,98,112,89,90,109,89,109,108,85,92,83,89,80,63,52,49,88,,,,,,,,,,,,,,,,
Jubilee,NB,Kilburn,Willesden Green,,,,17,18,21,37,28,58,44,51,42,56,56,45,56,49,37,26,22,22,27,26,33,37,29,29,40,33,35,51,41,37,60,51,64,60,74,63,86,78,68,78,92,127,118,138,186,175,186,203,205,214,198,188,169,151,108,114,100,106,101,96,77,92,76,73,74,90,88,71,81,77,67,61,65,56,58,31,74,,,,,,,,,,,,,,,,
Jubilee,NB,Willesden Green,Dollis Hill,,,,14,26,20,31,42,159,48,61,59,55,69,55,71,48,36,30,32,20,28,30,39,30,31,33,34,35,38,52,42,45,48,51,54,56,79,63,66,73,81,69,83,118,108,124,182,155,176,187,198,193,194,217,133,136,103,103,78,83,78,58,69,66,53,52,55,63,62,50,72,69,81,46,51,46,35,36,30,,,,,,,,,,,,,,,,
Jubilee,NB,Dollis Hill,Neasden,,,,28,14,17,47,42,80,51,66,61,54,65,63,65,35,33,34,27,17,27,30,29,30,31,31,30,33,48,35,39,58,35,43,51,68,54,57,60,67,93,52,94,87,97,139,124,167,152,156,171,166,169,194,123,127,97,77,82,72,64,51,60,47,55,45,43,44,64,43,59,48,70,41,41,38,39,23,26,,,,,,,,,,,,,,,,
Jubilee,NB,Neasden,Wembley Park,,,,23,14,21,29,39,76,45,59,70,52,62,50,63,40,30,31,22,20,21,27,28,39,29,23,41,34,32,35,48,38,41,43,35,66,66,39,73,61,63,56,65,90,83,116,107,156,132,120,187,127,186,145,106,118,101,68,70,55,70,45,50,42,45,33,45,39,45,37,53,50,45,40,37,33,27,20,30,,,,,,,,,,,,,,,,
Jubilee,NB,Wembley Park,Kingsbury,,,6,11,4,12,20,23,26,46,35,70,48,62,58,40,38,24,29,24,18,18,20,28,28,30,48,25,33,37,37,39,42,44,49,77,38,57,95,50,69,83,93,79,69,110,152,104,316,169,148,264,167,193,152,216,116,118,106,68,64,146,52,75,48,69,42,47,40,62,46,44,44,39,47,44,35,44,30,21,,,,,,,,,,,,,,,,
Jubilee,NB,Kingsbury,Queensbury,,,3,6,3,7,9,29,20,26,32,51,40,34,40,29,29,19,17,20,13,13,18,19,20,21,22,23,24,25,26,27,30,34,35,38,41,42,43,48,57,62,50,74,63,71,77,95,151,122,103,191,142,113,141,129,91,99,65,68,59,54,64,37,53,34,46,25,45,29,69,28,27,42,27,47,28,30,17,35,21,,,,,,,,,,,,,,,
Jubilee,NB,Queensbury,Canons Park,,,2,6,3,6,7,14,14,27,24,30,33,28,30,22,28,13,11,14,8,8,12,11,8,19,12,9,23,16,11,19,29,16,35,25,19,45,29,22,58,42,35,53,36,48,52,55,87,97,60,82,85,64,78,100,54,62,45,37,40,35,42,29,26,26,24,19,24,24,32,23,19,29,20,24,22,24,18,12,14,,,,,,,,,,,,,,,
Jubilee,NB,Canons Park,Stanmore,,,1,3,4,4,4,14,10,18,16,19,21,18,20,15,15,12,7,9,8,6,5,8,8,8,8,8,9,9,10,11,12,13,14,15,16,17,17,19,22,26,29,24,29,29,25,45,38,50,34,59,45,36,46,44,39,30,32,23,23,23,25,14,21,16,13,11,14,14,18,11,15,15,13,16,21,11,25,6,9,,,,,,,,,,,,,,,
Jubilee,SB,Stanmore,Canons Park,,21,19,66,29,20,43,39,64,55,64,71,93,50,55,37,38,31,20,31,26,13,22,15,28,20,18,18,19,18,13,25,16,15,14,11,22,11,14,23,15,18,20,13,26,15,21,32,20,30,24,21,25,14,15,10,14,7,6,6,5,4,6,4,4,3,4,2,2,2,3,2,3,2,1,1,1,,,,,,,,,,,,,,,,,,,
Jubilee,SB,Canons Park,Queensbury,,37,34,52,35,45,56,67,78,90,144,116,119,110,79,80,67,53,38,40,45,29,27,34,32,31,32,30,29,30,28,28,27,25,24,24,22,24,26,25,27,30,31,27,41,22,34,35,38,48,36,33,32,26,18,18,15,11,9,8,7,6,9,6,5,5,5,4,4,3,4,4,5,4,2,2,1,1,,,,,,,,,,,,,,,,,,
Jubilee,SB,Queensbury,Kingsbury,,82,66,118,108,78,114,122,126,187,207,137,232,133,147,128,79,86,59,59,66,58,42,39,52,52,48,45,41,41,63,42,30,41,41,35,35,54,29,38,42,41,44,48,39,34,45,37,63,49,60,36,55,31,32,23,30,19,14,12,11,8,13,9,8,8,7,6,6,4,5,8,4,4,4,2,1,2,,,,,,,,,,,,,,,,,,
Jubilee,SB,Kingsbury,Wembley Park,,126,205,106,143,136,148,168,180,181,276,215,219,207,154,157,138,109,75,83,96,81,46,75,71,67,66,65,64,62,61,61,59,54,55,55,55,53,42,86,65,71,80,60,65,61,50,62,64,60,81,54,50,45,34,35,30,23,21,21,12,14,13,12,12,13,8,11,7,7,5,10,9,6,3,4,2,3,,,,,,,,,,,,,,,,,,
Jubilee,SB,Wembley Park,Neasden,64,102,88,95,151,108,111,145,129,198,221,185,196,200,184,135,173,119,116,70,87,59,67,65,59,77,60,61,61,46,82,77,43,74,56,53,55,54,75,65,64,59,113,88,57,73,71,70,84,58,111,53,53,51,52,30,30,33,39,20,15,15,17,16,13,15,14,16,14,14,14,21,16,19,14,9,4,5,,,,,,,,,,,,,,,,,,
Jubilee,SB,Neasden,Dollis Hill,29,115,68,100,118,150,116,158,184,179,192,269,219,216,211,165,206,117,137,100,95,68,76,63,95,71,68,70,68,64,65,86,65,62,63,63,61,60,83,67,71,79,86,90,77,75,64,96,77,73,95,67,51,67,46,37,32,35,42,19,20,16,17,16,13,15,13,17,14,14,13,17,25,14,14,11,7,3,,,,,,,,,,,,,,,,,,
Jubilee,SB,Dollis Hill,Willesden Green,33,129,65,109,168,124,154,174,162,246,228,294,216,314,208,218,193,156,168,111,96,103,76,88,86,110,80,62,105,78,71,78,98,58,95,71,55,96,69,71,111,87,72,99,103,78,66,107,88,82,84,96,57,71,53,44,39,41,36,26,23,18,17,19,18,16,14,18,14,15,14,14,27,23,14,8,8,4,,,,,,,,,,,,,,,,,,
Jubilee,SB,Willesden Green,Kilburn,74,62,116,121,131,175,145,167,192,203,231,302,235,325,233,242,213,211,180,124,106,110,84,94,91,105,84,96,79,92,61,91,94,59,70,72,85,65,84,91,73,79,83,86,89,75,68,97,70,96,82,88,59,74,56,47,43,43,37,32,24,21,20,22,21,16,19,16,19,16,16,16,16,13,13,9,9,7,8,,,,,,,,,,,,,,,,,
Jubilee,SB,Kilburn,West Hampstead,82,135,77,117,192,176,156,185,178,220,313,333,266,382,271,286,262,249,182,184,108,128,117,88,127,122,93,117,91,83,87,105,83,81,80,78,94,73,94,101,82,89,92,97,101,85,78,112,82,113,99,109,76,79,73,73,45,67,47,32,35,26,23,27,25,20,25,23,26,23,22,19,29,17,13,20,13,6,13,,,,,,,,,,,,,,,,,
Jubilee,SB,West Hampstead,Finchley Road,,69,80,125,183,183,191,194,170,218,301,332,333,406,307,327,293,228,225,186,111,132,118,91,125,120,92,94,110,88,101,102,84,98,81,78,78,91,74,90,95,82,107,98,85,106,95,96,103,121,93,147,89,89,85,86,63,61,53,53,37,33,31,33,32,29,26,33,28,26,27,27,26,22,25,18,17,9,16,,,,,,,,,,,,,,,,,
Jubilee,SB,Finchley Road,Swiss Cottage,,60,145,140,176,330,207,244,260,282,327,438,480,413,423,383,290,325,281,195,171,177,159,126,141,160,153,125,147,119,116,142,137,110,126,105,101,117,97,123,123,91,135,121,124,132,121,128,136,139,142,163,134,122,111,95,94,77,64,67,50,42,41,46,42,34,41,37,43,36,34,31,48,30,22,24,24,15,9,,,,,,,,,,,,,,,,,
Jubilee,SB,Swiss Cottage,St. John's Wood,,62,116,144,222,239,243,263,256,255,408,452,421,526,449,352,373,363,253,259,194,163,168,140,184,174,139,143,162,125,153,152,125,148,121,114,114,128,106,133,132,115,148,133,140,155,138,131,178,159,156,190,148,124,148,112,88,91,88,62,67,52,48,45,51,47,40,50,43,48,41,35,44,35,28,27,26,16,9,,,,,,,,,,,,,,,,,
Jubilee,SB,St. John's Wood,Baker Street,,65,119,147,225,241,238,257,291,255,393,401,504,470,545,389,390,334,326,276,175,207,190,151,166,190,177,149,179,147,140,177,167,130,156,129,123,146,120,151,163,136,154,200,151,182,173,172,183,210,166,256,156,159,150,147,107,102,90,92,67,59,57,63,57,45,54,48,57,46,45,41,48,38,40,29,28,12,12,,,,,,,,,,,,,,,,,
Jubilee,SB,Baker Street,Bond Street,,104,101,131,211,229,232,242,289,290,328,376,503,527,456,437,360,399,289,288,217,180,196,159,174,200,194,162,200,164,156,192,186,147,172,144,141,166,138,175,188,160,172,231,200,186,228,184,248,221,221,270,217,180,220,165,136,138,116,102,110,81,75,88,81,64,77,67,78,63,61,57,73,59,47,47,49,28,12,,,,,,,,,,,,,,,,,
Jubilee,SB,Bond Street,Green Park,,103,104,111,190,282,206,222,330,226,287,406,463,419,428,421,387,318,268,277,207,176,193,157,173,199,190,163,201,165,170,202,166,195,196,162,161,165,200,168,210,225,198,267,242,225,281,226,315,291,290,306,341,240,287,226,190,198,172,154,169,131,123,118,134,129,123,106,127,103,96,92,115,93,77,82,57,53,26,,,,,,,,,,,,,,,,,
Jubilee,SB,Green Park,Westminster,,101,91,167,167,179,220,191,274,200,258,305,413,444,387,387,370,309,263,268,198,169,182,151,172,164,190,165,192,166,201,166,208,213,174,174,183,208,178,228,248,212,235,303,267,292,315,265,375,303,410,370,402,290,354,275,235,245,214,193,215,167,161,159,187,178,147,174,143,161,134,127,140,146,128,133,95,96,69,66,,,,,,,,,,,,,,,,
Jubilee,SB,Westminster,Waterloo,,109,188,100,151,229,205,181,264,194,249,293,399,433,380,386,360,261,296,254,181,163,177,145,167,164,192,170,212,178,179,220,226,228,196,198,208,243,206,265,287,247,276,358,318,343,384,364,403,432,451,456,519,414,381,342,301,301,264,238,266,205,197,193,226,216,177,210,174,198,168,155,144,250,154,115,186,123,50,102,,,,,,,,,,,,,,,,
Jubilee,SB,Waterloo,Southwark,,,100,115,179,251,248,265,269,278,328,384,523,573,500,500,458,336,368,272,264,173,210,199,161,220,226,189,202,246,203,257,260,221,276,242,235,244,298,255,319,333,301,392,356,408,438,382,541,435,593,549,606,440,458,415,398,293,368,288,259,254,244,231,262,264,251,219,261,217,200,203,217,228,197,222,165,162,79,135,,,,,,,,,,,,,,,,
Jubilee,SB,Southwark,London Bridge,,,83,168,156,179,307,204,305,259,256,431,476,440,545,459,352,355,343,241,209,184,194,186,156,181,213,188,233,197,196,247,251,258,223,226,238,272,230,301,327,275,313,408,359,394,443,421,453,500,612,464,604,498,440,392,406,300,304,284,315,246,237,235,278,271,225,270,225,257,211,204,183,238,275,165,164,184,80,136,,,,,,,,,,,,,,,,
Jubilee,SB,London Bridge,Bermondsey,,,99,162,181,255,266,272,294,339,290,464,518,472,568,473,357,352,330,228,189,162,164,149,124,147,179,151,158,189,157,201,208,178,224,197,193,197,244,211,273,286,269,366,340,380,434,419,444,494,600,461,600,499,442,400,409,304,322,293,271,306,251,238,236,275,275,265,222,263,214,204,192,249,208,176,265,122,122,86,,,,,,,,,,,,,,,,
Jubilee,SB,Bermondsey,Canada Water,,,206,111,162,239,328,253,265,329,334,386,434,556,560,467,422,321,340,245,230,145,166,159,125,123,219,147,150,185,160,195,171,209,218,185,189,194,233,203,265,283,260,359,332,373,415,406,432,478,577,451,583,486,434,394,408,298,267,342,263,286,240,228,226,270,264,220,258,209,238,199,176,189,272,167,167,190,86,82,,,,,,,,,,,,,,,,
Jubilee,SB,Canada Water,Canary Wharf,,,203,163,185,257,265,347,306,352,317,490,465,585,601,500,458,345,315,300,207,164,143,149,124,135,164,165,144,177,153,154,200,197,164,204,172,170,206,180,234,263,234,267,367,331,307,416,397,418,437,456,512,411,380,345,298,254,256,232,258,198,190,188,221,208,175,209,172,191,157,144,138,179,157,130,142,154,109,46,,,,,,,,,,,,,,,,
Jubilee,SB,Canary Wharf,North Greenwich,,,148,109,103,123,152,143,116,133,133,148,152,181,175,140,124,95,91,101,93,67,73,89,87,75,108,116,102,129,110,120,148,125,153,164,134,143,179,154,201,229,206,232,332,295,294,465,336,466,382,505,438,468,326,392,304,260,230,244,217,233,183,178,172,195,195,187,153,177,143,130,122,158,136,122,133,102,108,53,,,,,,,,,,,,,,,,
Jubilee,SB,North Greenwich,Canning Town,,,65,97,139,108,133,129,152,136,112,124,129,155,149,114,102,101,71,92,95,72,59,89,87,68,108,92,81,105,91,93,122,118,101,127,112,108,136,183,192,210,237,224,289,271,398,295,251,367,288,372,319,334,236,274,256,263,173,220,215,198,165,161,161,192,190,158,211,221,177,169,157,142,134,153,88,83,63,63,53,,,,,,,,,,,,,,,
Jubilee,SB,Canning Town,West Ham,,,53,166,75,78,109,136,123,112,97,111,117,139,139,109,93,81,79,84,79,52,55,67,67,55,91,80,71,74,92,77,96,94,82,102,92,91,96,154,162,160,174,208,224,200,236,274,216,238,250,252,238,257,200,184,195,215,136,173,161,147,120,118,117,135,133,116,146,135,159,124,110,110,90,72,79,55,38,30,44,,,,,,,,,,,,,,,
Jubilee,SB,West Ham,Stratford,,,55,52,78,67,83,117,105,103,104,92,130,117,131,106,105,80,93,83,93,68,61,74,61,60,81,69,74,64,77,65,78,63,74,63,78,63,62,100,105,111,114,102,167,109,157,121,116,129,135,128,122,128,108,94,110,206,120,106,134,97,79,76,75,85,84,74,95,91,112,88,115,95,81,57,32,32,29,9,20,,,,,,,,,,,,,,,
Metropolitan,NB,Aldgate,Liverpool Street,,,,,,10,18,17,16,20,24,28,34,34,35,47,32,19,22,24,16,18,20,19,19,18,19,19,21,21,23,23,25,24,26,25,27,26,31,33,39,44,57,60,52,83,82,93,112,119,115,103,124,75,63,55,43,35,39,25,22,29,26,23,21,20,19,16,16,14,13,11,15,11,8,6,3,,,,,,,,,,,,,,,,,,,
Metropolitan,NB,Liverpool Street,Moorgate,,,,,,49,71,74,93,86,103,131,156,177,183,180,161,133,103,87,98,84,76,75,73,70,70,73,76,74,76,77,78,78,81,83,85,86,92,101,110,122,148,169,136,158,257,218,248,276,286,278,264,226,199,231,147,117,112,129,84,97,95,85,79,76,73,67,64,60,58,50,44,50,42,55,19,22,,,,,,,,,,,,,,,,,,
Metropolitan,NB,Moorgate,Barbican,,,,,,67,95,97,118,106,124,157,171,198,287,213,152,166,135,141,89,104,101,92,90,86,87,91,95,94,97,98,99,98,101,104,106,108,116,127,139,155,189,219,180,212,346,298,339,380,397,393,360,320,371,239,190,166,194,126,108,131,119,104,96,90,87,80,77,72,68,60,52,60,51,69,23,28,,,,,,,,,,,,,,,,,,
Metropolitan,NB,Barbican,Farringdon,,,,,,114,94,87,91,145,96,141,233,193,200,204,192,159,130,112,97,111,103,95,94,91,93,97,102,101,104,106,107,106,110,113,116,118,128,140,153,172,196,231,271,221,271,429,366,397,438,434,418,372,319,271,303,181,153,147,168,109,132,126,108,104,101,95,90,83,78,68,58,67,56,76,25,30,,,,,,,,,,,,,,,,,,
Metropolitan,NB,Farringdon,King's Cross St. Pancras,,,,,,142,107,111,149,133,156,186,212,221,210,201,251,152,99,116,135,109,108,110,112,110,113,114,119,121,125,127,130,130,136,140,145,150,161,172,189,211,263,291,262,411,369,418,486,521,540,504,474,562,365,309,272,228,263,171,151,194,173,154,145,137,132,125,122,116,107,95,82,98,75,54,35,42,,,,,,,,,,,,,,,,,,
Metropolitan,NB,King's Cross St. Pancras,Euston Square,,,,,,98,101,140,95,162,151,179,215,235,236,231,204,169,137,119,139,94,119,119,115,111,111,113,117,119,122,126,129,130,135,139,143,148,157,166,177,194,217,263,313,259,308,481,401,430,464,458,439,399,342,301,350,225,190,186,219,146,176,167,148,140,138,133,133,125,117,105,91,111,88,67,44,52,,,,,,,,,,,,,,,,,,
Metropolitan,NB,Euston Square,Great Portland Street,,,,,,89,80,126,113,108,124,150,238,197,199,201,181,148,122,104,93,83,106,103,101,98,103,106,111,114,121,126,129,130,135,137,141,147,158,167,178,197,222,244,289,345,284,334,517,420,440,460,439,407,369,315,278,326,217,190,189,223,153,181,172,150,147,141,139,132,123,110,96,117,93,71,47,56,,,,,,,,,,,,,,,,,,
Metropolitan,NB,Great Portland Street,Baker Street,,,,,,81,73,104,93,114,111,133,161,175,178,166,146,118,94,82,99,69,89,91,91,91,93,98,105,108,114,122,125,126,131,134,138,144,153,166,178,193,222,267,312,279,309,359,533,433,455,476,455,422,370,326,384,253,217,210,250,167,202,190,168,160,151,148,146,142,131,117,105,131,103,83,62,38,,,,,,,,,,,,,,,,,,
Metropolitan,NB,Baker Street,Finchley Road,,5,6,11,20,32,30,51,55,61,59,81,96,83,83,92,66,51,40,35,44,42,43,45,61,60,64,70,75,78,84,93,100,103,110,120,126,131,140,152,158,171,204,238,235,283,255,289,488,341,348,378,441,352,387,284,250,265,187,162,193,173,160,190,187,179,177,175,176,173,161,119,109,115,94,79,61,40,34,36,,,,,,,,,,,,,,,,
Metropolitan,NB,Finchley Road,Wembley Park,,6,15,14,28,52,53,54,65,75,83,98,121,109,92,130,92,68,55,46,36,52,57,46,53,72,75,78,85,89,95,106,113,118,124,135,143,151,160,174,184,193,208,210,225,469,301,335,569,403,429,477,440,428,570,337,289,245,210,298,208,237,165,168,217,210,191,188,189,186,180,171,131,111,120,140,83,45,84,35,,,,,,,,,,,,,,,,
Metropolitan,NB,Wembley Park,Preston Road,,,8,9,15,32,28,65,49,73,67,108,118,100,134,132,90,74,64,87,45,40,53,43,43,58,60,63,68,74,76,83,90,94,97,105,112,118,124,132,139,145,157,163,177,233,240,397,297,320,352,354,346,500,298,261,244,309,175,159,169,179,141,145,152,147,139,134,135,136,133,126,96,90,99,84,75,78,51,47,,,,,,,,,,,,,,,,
Metropolitan,NB,Preston Road,Northwick Park,,,9,10,16,34,36,46,60,78,71,83,120,135,139,108,97,82,82,64,45,54,52,41,43,57,57,62,66,71,74,78,86,90,94,99,108,113,117,122,131,134,141,159,159,167,341,224,232,413,283,313,331,310,275,382,214,182,167,145,138,230,124,128,140,142,132,126,127,127,124,120,91,88,98,83,72,80,52,32,,,,,,,,,,,,,,,,
Metropolitan,NB,Northwick Park,Harrow-on-the-Hill,,,11,9,15,28,33,42,40,63,74,67,97,119,121,79,109,73,53,53,34,51,41,33,30,51,54,56,61,65,68,72,79,82,85,90,98,103,108,114,122,126,134,141,152,211,199,206,335,246,250,289,276,275,363,226,179,171,204,128,120,151,158,101,130,134,122,117,118,119,114,108,106,82,73,80,71,73,49,45,60,,,,,,,,,,,,,,,
Metropolitan,NB,Harrow-on-the-Hill,North Harrow,,,12,7,9,22,28,22,58,40,67,69,100,109,100,94,105,55,56,51,38,33,34,36,38,41,44,45,48,52,54,55,61,64,67,70,77,82,86,89,96,99,104,116,135,159,186,233,256,172,299,289,186,299,311,172,271,233,124,169,158,93,142,89,123,118,108,101,103,102,107,102,96,63,87,75,71,57,38,,,,,,,,,,,,,,,,,
Metropolitan,NB,North Harrow,Pinner,,,,4,12,20,29,23,42,40,80,94,80,180,114,72,121,60,56,51,37,33,33,36,37,40,43,43,46,50,51,52,57,59,61,64,69,74,78,80,86,88,92,103,119,139,161,166,216,216,153,241,263,147,235,233,210,131,182,110,134,89,123,78,107,104,94,87,90,90,96,92,86,57,78,60,55,103,35,43,,,,,,,,,,,,,,,,
Metropolitan,NB,Pinner,Northwood Hills,,,,6,12,13,28,20,37,61,90,91,138,141,130,105,74,81,61,42,35,31,29,29,31,32,34,36,36,39,42,43,45,49,49,50,53,57,59,62,63,68,71,78,87,99,122,125,94,159,169,110,179,111,157,159,143,90,127,75,96,91,55,84,81,74,72,70,66,70,71,73,68,43,64,58,52,50,39,49,,,,,,,,,,,,,,,,
Metropolitan,NB,Northwood Hills,Northwood,,,,6,12,11,24,26,36,44,97,113,103,214,133,104,88,57,63,45,32,28,26,26,28,29,31,32,33,35,37,38,39,42,43,44,46,49,51,54,55,60,63,69,75,82,88,100,110,83,121,86,257,86,119,84,121,111,62,89,77,48,72,51,67,69,60,59,55,59,60,62,57,37,55,51,46,45,35,44,,,,,,,,,,,,,,,,
Metropolitan,NB,Northwood,Moor Park,,,,8,6,9,42,16,27,42,73,104,91,128,200,105,58,82,42,36,29,21,20,20,21,23,24,26,26,27,29,30,30,32,32,33,34,36,38,40,40,44,49,54,49,57,116,37,56,76,73,54,84,54,77,80,46,64,66,53,32,51,37,55,36,52,47,42,39,43,44,43,42,42,29,40,41,38,30,38,,,,,,,,,,,,,,,,
Metropolitan,NB,Moor Park,Croxley,,,,2,,4,13,12,17,28,45,51,69,143,68,53,50,55,20,,25,16,19,17,18,18,20,21,22,23,23,24,25,25,26,27,28,29,31,33,35,36,41,50,66,78,49,54,62,66,72,73,85,158,50,142,72,114,40,106,32,74,31,46,44,37,36,37,36,34,33,31,31,28,28,26,24,23,17,12,,,,,,,,,,,,,,,,
Metropolitan,NB,Croxley,Watford,,,,1,4,6,5,6,9,31,28,45,53,63,126,55,39,31,39,28,21,17,16,15,16,16,17,18,19,19,19,19,20,20,20,21,21,21,22,24,31,33,37,43,53,54,32,32,39,73,24,88,45,42,48,96,27,83,38,31,29,24,19,32,28,23,23,23,23,22,21,19,19,17,17,16,14,14,11,7,,,,,,,,,,,,,,,,
Metropolitan,NB,Moor Park,Rickmansworth,,,,,6,16,20,24,43,66,71,199,122,242,256,188,68,90,74,36,28,23,22,21,24,25,27,29,30,32,35,35,35,37,35,36,37,39,41,44,46,54,62,68,78,116,123,160,174,109,195,110,186,107,175,81,148,156,126,62,123,56,97,41,62,57,42,40,36,44,48,52,47,24,52,49,47,53,45,29,,,,,,,,,,,,,,,,
Metropolitan,NB,Rickmansworth,Chorleywood,,0,1,5,4,4,14,16,16,52,46,166,196,95,199,160,46,,27,24,26,17,17,16,18,19,21,23,23,25,28,29,28,31,30,30,29,32,32,35,39,47,54,61,68,97,98,123,125,79,137,81,123,61,,54,103,116,64,101,52,74,40,64,28,44,44,33,29,35,37,42,38,38,42,40,30,34,,24,17,,,,,,,,,,,,,,,
Metropolitan,NB,Chorleywood,Chalfont & Latimer,,0,1,2,2,4,4,11,9,19,42,68,45,47,100,90,64,44,37,29,18,15,13,12,12,13,14,15,17,16,18,18,20,18,21,20,22,21,23,23,28,30,38,43,52,91,92,58,105,55,,56,107,58,133,107,60,102,59,91,49,68,33,49,49,32,34,30,30,26,31,33,38,33,32,32,29,26,31,27,19,,,,,,,,,,,,,,,
Metropolitan,NB,Chalfont & Latimer,Chesham,,,0,,1,,3,,10,,10,,,24,,30,,18,11,,7,,6,,7,,8,,9,,9,,10,,11,,13,,15,,22,,29,,36,,51,,63,,84,,83,,89,,78,,70,,40,,,18,26,,19,,20,,15,,18,,16,,15,,11,,7,,,,,,,,,,,,,,,
Metropolitan,NB,Chalfont & Latimer,Amersham,,0,,1,,1,2,6,,4,,24,28,28,29,,22,17,,13,,6,,5,,5,,6,,6,,6,,5,,5,,6,,9,,16,,19,,22,,21,,12,,29,23,27,22,26,22,23,23,21,26,,8,19,,9,,8,,8,,12,,12,,13,,12,,10,,,,,,,,,,,,,,,,
Metropolitan,NB,Harrow-on-the-Hill,West Harrow,,,9,21,36,27,37,48,55,65,80,97,105,83,125,76,103,92,43,56,110,47,28,51,104,33,54,60,60,66,70,74,80,83,84,86,90,96,101,107,119,137,149,167,172,207,435,177,293,224,362,378,234,340,337,288,169,247,224,114,106,314,85,114,120,106,97,92,90,88,86,81,78,68,47,114,34,82,37,34,28,,,,,,,,,,,,,,,
Metropolitan,NB,West Harrow,Rayners Lane,,,,11,37,29,38,50,58,68,84,101,109,78,128,118,65,88,76,56,50,49,47,46,47,48,51,53,58,61,66,70,75,78,79,81,84,87,91,98,105,121,133,150,170,206,215,159,284,305,218,341,227,307,306,262,155,208,193,154,88,129,119,103,96,95,87,83,80,77,75,74,69,66,41,56,48,41,32,43,24,,,,,,,,,,,,,,,
Metropolitan,NB,Rayners Lane,Eastcote,,,,18,15,20,29,72,42,56,74,54,93,110,106,67,100,87,46,60,51,43,42,41,41,43,45,46,50,52,57,60,64,65,66,67,69,70,74,77,82,95,103,115,133,147,167,184,129,205,233,229,156,250,238,138,197,174,98,130,74,94,86,73,68,68,62,60,57,55,55,54,51,49,31,43,36,32,49,17,20,,,,,,,,,,,,,,,
Metropolitan,NB,Eastcote,Ruislip Manor,,,,13,11,38,22,34,85,33,61,85,94,74,116,76,101,89,46,58,53,90,29,43,47,43,40,46,98,34,49,62,119,40,55,67,123,41,58,73,141,53,87,103,111,121,123,132,153,161,122,191,131,178,181,156,95,131,121,61,85,79,45,61,62,54,45,46,89,28,42,45,37,38,35,22,57,19,40,15,16,,,,,,,,,,,,,,,
Metropolitan,NB,Ruislip Manor,Ruislip,,,,13,10,38,22,34,83,33,60,77,94,101,78,115,70,85,76,59,50,48,45,44,43,43,43,45,47,49,52,54,56,57,57,57,57,56,58,61,65,70,78,86,92,104,118,110,93,270,74,291,116,145,101,140,129,66,100,86,45,59,60,46,47,44,43,39,38,35,35,34,34,32,21,29,24,23,38,9,16,,,,,,,,,,,,,,,
Metropolitan,NB,Ruislip,Ickenham,,,,11,9,25,19,61,38,31,62,75,93,101,78,108,71,173,52,60,57,48,45,45,43,44,44,46,47,49,52,53,55,55,54,53,52,51,52,54,58,62,68,74,79,88,100,93,71,225,82,121,97,132,84,116,107,54,78,71,56,33,50,43,39,36,36,32,31,29,29,28,27,26,18,24,20,18,32,11,7,,,,,,,,,,,,,,,
Metropolitan,NB,Ickenham,Hillingdon,,,,5,12,22,17,24,31,44,57,47,81,102,108,72,102,99,78,44,58,53,45,45,43,44,44,45,46,48,51,52,53,53,52,50,49,48,48,52,56,59,64,71,73,69,80,168,62,98,78,112,76,113,108,62,87,81,69,42,57,33,43,38,34,32,32,29,28,26,26,24,23,22,23,14,18,16,26,10,12,10,,,,,,,,,,,,,,
Metropolitan,NB,Hillingdon,Uxbridge,,,,3,8,16,13,20,26,32,39,62,74,57,108,113,66,89,85,59,35,103,51,27,47,92,28,43,47,45,48,48,49,48,47,45,43,42,42,45,50,53,57,61,61,56,63,128,46,71,52,78,78,51,71,44,57,50,44,41,24,23,68,19,26,27,24,22,21,19,18,17,16,15,14,10,25,8,19,9,9,7,,,,,,,,,,,,,,
Metropolitan,SB,Uxbridge,Hillingdon,13,17,31,39,18,36,50,62,48,61,94,102,92,62,71,44,98,34,41,29,41,42,40,39,41,44,48,48,48,49,52,51,51,52,55,53,52,51,56,56,54,61,75,78,84,97,111,111,107,115,104,61,78,47,51,49,34,18,28,23,11,18,18,10,15,13,11,9,8,7,7,5,5,4,6,4,3,2,2,,,,,,,,,,,,,,,,,
Metropolitan,SB,Hillingdon,Ickenham,17,24,36,26,42,59,53,94,79,144,98,143,143,128,103,62,84,51,67,54,35,95,30,87,49,52,52,37,110,55,49,58,57,57,57,60,57,56,66,71,45,75,73,87,166,63,215,125,119,127,85,107,63,77,66,34,46,36,19,24,23,19,12,18,17,13,13,11,10,8,5,14,6,4,4,5,3,2,2,,,,,,,,,,,,,,,,,
Metropolitan,SB,Ickenham,Ruislip,,28,21,33,51,69,55,110,124,111,171,116,163,161,117,66,96,86,50,60,40,104,49,46,52,53,56,59,58,58,58,60,59,59,59,62,58,57,55,65,66,66,78,94,96,102,124,129,133,131,88,111,65,78,67,51,31,36,20,23,23,18,12,18,17,13,13,12,11,9,9,7,6,5,4,5,3,2,2,,,,,,,,,,,,,,,,,
Metropolitan,SB,Ruislip,Ruislip Manor,,35,43,27,106,58,100,91,152,113,187,211,195,119,169,136,104,62,91,80,45,67,64,60,59,60,62,64,63,62,62,63,62,62,62,64,61,59,57,68,69,70,82,97,98,105,126,131,136,135,86,108,102,82,44,61,53,24,30,29,21,14,21,13,18,18,14,13,12,11,10,8,7,6,4,6,4,2,2,,,,,,,,,,,,,,,,,
Metropolitan,SB,Ruislip Manor,Eastcote,,32,54,51,66,71,115,111,368,102,221,240,228,209,132,164,144,73,106,93,52,76,73,67,65,67,67,69,68,66,65,66,65,65,65,67,63,61,60,73,69,76,174,68,101,113,108,121,258,127,88,133,78,96,52,60,54,37,20,29,24,20,14,21,19,12,16,15,12,11,11,9,7,6,9,3,4,4,2,,,,,,,,,,,,,,,,,
Metropolitan,SB,Eastcote,Rayners Lane,,39,71,66,85,74,148,185,207,179,286,206,617,205,256,157,192,160,82,104,96,82,81,82,80,78,80,80,78,76,74,75,72,71,71,74,70,67,72,73,53,172,87,63,205,106,112,136,139,147,143,93,119,69,85,71,36,45,38,20,26,24,14,20,19,18,16,15,14,13,12,11,8,7,6,9,3,4,,2,,,,,,,,,,,,,,,,
Metropolitan,SB,Rayners Lane,West Harrow,,53,117,174,71,160,183,152,510,218,363,264,414,412,246,306,175,195,178,139,86,126,122,106,104,101,101,99,98,95,94,92,90,88,90,88,88,84,82,87,96,92,102,111,118,120,138,150,160,151,159,147,91,116,69,80,74,53,30,44,36,18,28,27,16,24,23,21,20,18,16,14,11,8,7,11,7,2,,3,,,,,,,,,,,,,,,,
Metropolitan,SB,West Harrow,Harrow-on-the-Hill,,61,101,204,123,100,207,270,280,238,426,288,450,449,251,322,287,217,126,180,155,92,131,121,112,109,110,108,108,105,103,101,98,94,96,94,92,89,86,89,98,94,104,114,121,124,140,137,161,306,100,148,141,77,103,60,69,63,45,30,35,22,29,25,16,48,15,20,22,18,16,13,11,16,6,4,7,5,3,2,,,,,,,,,,,,,,,,
Metropolitan,SB,Amersham,Chalfont & Latimer,,12,,29,51,53,68,84,83,93,,47,,33,,35,8,10,,5,,6,,5,,7,,7,,12,,10,,11,,8,,10,,8,,26,,25,,29,,15,14,,11,,8,6,6,3,,6,7,8,6,5,,2,,2,,2,,2,,1,,1,,1,,1,0,,,,,,,,,,,,,,,,,
Metropolitan,SB,Chesham,Chalfont & Latimer,,,,19,,,99,,146,,166,,131,,98,,55,,38,,32,,26,,23,,21,,19,,17,,16,,14,,13,,12,,13,,31,,34,37,,24,,24,,19,,13,,8,,5,,3,,,2,,3,,3,,3,,2,,2,,1,,1,0,,0,,,,,,,,,,,,,,,,
Metropolitan,SB,Chalfont & Latimer,Chorleywood,,23,,67,67,138,95,225,275,132,260,128,,86,115,64,85,77,28,55,49,34,40,30,33,31,35,28,33,35,37,30,34,33,29,26,29,36,35,36,39,74,81,83,85,87,58,47,54,44,23,,16,22,12,8,18,15,7,14,12,5,9,8,7,7,10,10,11,10,9,4,4,3,2,2,2,1,0,,0,,,,,,,,,,,,,,,
Metropolitan,SB,Chorleywood,Rickmansworth,,,81,82,65,165,145,101,,151,323,201,307,142,208,78,82,87,61,28,50,53,46,35,38,36,41,37,40,45,51,41,38,42,39,32,35,49,66,68,79,132,136,119,120,117,75,62,62,54,55,41,19,30,15,21,11,19,11,20,17,8,13,12,,5,14,15,14,13,13,7,6,5,4,2,2,1,1,1,0,,,,,,,,,,,,,,,
Metropolitan,SB,Rickmansworth,Moor Park,,,40,101,103,184,174,137,346,233,442,251,389,165,244,187,61,110,82,60,53,54,50,55,47,48,48,53,54,55,64,69,59,53,58,51,44,48,64,78,123,153,212,214,218,179,83,107,94,71,67,48,47,39,20,16,14,26,22,11,,10,19,20,15,15,15,16,18,17,16,15,10,8,6,4,3,2,1,,,,,,,,,,,,,,,,,
Metropolitan,SB,Watford,Croxley,,12,,34,21,26,34,100,65,78,93,94,81,62,48,64,25,20,20,35,29,26,25,25,24,24,23,24,25,25,25,20,25,25,29,29,35,30,30,66,81,84,90,99,70,64,71,34,33,61,29,23,21,16,12,7,14,6,5,5,10,9,4,8,4,7,7,6,5,5,4,3,3,2,2,1,1,1,0,,,,,,,,,,,,,,,,,
Metropolitan,SB,Croxley,Moor Park,,,31,40,31,92,60,83,117,139,146,136,119,188,69,51,45,41,62,27,45,47,37,36,35,34,33,34,35,34,33,29,33,33,36,37,42,37,37,73,102,107,114,125,99,72,80,85,43,40,42,35,29,20,15,19,8,6,7,6,11,10,5,9,4,8,8,7,7,6,5,4,3,2,2,1,1,1,0,,,,,,,,,,,,,,,,,
Metropolitan,SB,Moor Park,Northwood,,,34,54,67,52,105,129,100,175,199,183,109,134,73,70,68,58,37,55,55,50,48,49,45,45,45,46,46,47,51,53,46,45,47,45,42,46,50,57,94,122,158,171,180,150,88,117,68,46,88,53,37,33,25,15,16,12,15,11,18,16,14,8,11,11,11,12,12,12,11,10,7,5,4,3,2,1,1,1,,,,,,,,,,,,,,,,
Metropolitan,SB,Northwood,Northwood Hills,,,42,69,87,68,120,139,196,233,178,265,162,184,158,109,64,104,90,52,76,77,65,67,61,60,60,62,62,63,66,67,59,58,59,57,54,57,62,69,102,128,166,189,194,179,161,99,126,63,105,54,79,34,33,30,15,18,17,12,14,20,19,15,9,14,14,15,16,15,14,11,7,5,4,2,2,1,1,1,,,,,,,,,,,,,,,,
Metropolitan,SB,Northwood Hills,Pinner,,,100,75,62,109,154,173,138,256,318,294,185,249,147,155,87,120,230,63,62,99,91,80,74,72,72,73,73,74,76,76,68,66,68,65,62,65,69,78,112,135,170,192,195,181,166,99,136,87,76,76,62,49,39,25,24,16,18,18,15,21,21,12,17,16,11,17,18,16,15,12,8,6,4,3,2,1,1,1,,,,,,,,,,,,,,,,
Metropolitan,SB,Pinner,North Harrow,,,103,74,118,140,117,200,293,341,284,430,286,360,204,222,193,173,157,86,80,231,103,93,102,97,95,93,92,91,89,91,88,84,80,81,77,75,73,82,95,138,135,112,351,182,158,120,109,101,91,129,69,44,77,25,29,26,15,19,17,24,20,14,34,11,16,20,18,19,17,15,11,8,6,4,2,2,1,1,,,,,,,,,,,,,,,,
Metropolitan,SB,North Harrow,Harrow-on-the-Hill,,,,58,119,177,208,159,340,418,325,493,320,419,328,177,461,144,171,116,136,129,116,116,115,109,106,104,102,101,98,100,97,92,88,89,84,82,79,87,100,124,138,169,174,181,165,115,153,105,95,93,77,70,54,32,24,27,21,13,16,49,21,15,21,13,19,21,19,19,18,15,11,8,6,4,2,2,1,1,,,,,,,,,,,,,,,,
Metropolitan,SB,Harrow-on-the-Hill,Northwick Park,,,116,119,103,104,143,159,266,223,268,272,260,353,203,162,141,155,253,104,140,124,148,136,132,125,125,118,117,115,114,111,110,107,106,103,100,97,97,96,108,115,125,139,150,149,154,164,171,135,115,164,98,99,72,56,56,45,38,33,28,34,31,28,27,26,25,25,23,21,19,16,13,12,9,9,5,2,2,1,1,,,,,,,,,,,,,,,
Metropolitan,SB,Northwick Park,Preston Road,,,260,134,89,122,265,184,201,229,274,447,287,265,258,206,164,244,172,135,151,128,160,149,141,134,134,130,127,126,127,124,122,118,117,113,109,105,107,107,117,126,137,149,164,176,185,154,203,201,125,145,129,92,93,65,61,54,37,51,37,40,37,35,31,29,29,28,26,24,21,18,14,11,10,11,12,3,1,2,1,,,,,,,,,,,,,,,
Metropolitan,SB,Preston Road,Wembley Park,,,253,140,127,144,210,218,223,408,316,340,334,314,432,241,189,186,320,157,130,139,180,158,149,142,142,137,134,132,132,129,126,122,121,117,112,109,111,110,120,124,139,200,131,167,178,180,194,192,128,150,136,95,97,68,63,46,45,43,45,34,37,36,30,29,29,28,26,24,21,17,14,13,8,22,7,3,3,1,2,,,,,,,,,,,,,,,
Metropolitan,SB,Wembley Park,Finchley Road,34,73,144,251,159,167,195,462,314,339,405,681,462,449,458,404,352,433,301,294,187,183,240,225,206,192,186,181,173,172,174,174,170,161,156,150,141,135,136,137,142,151,154,171,178,184,193,219,217,179,175,169,147,109,114,81,65,64,54,47,52,37,42,40,35,33,35,36,35,36,35,30,25,20,18,17,8,3,5,,,,,,,,,,,,,,,,,
Metropolitan,SB,Finchley Road,Baker Street,4,45,80,56,84,134,144,218,228,314,331,457,414,421,499,375,339,344,244,249,209,206,154,180,169,162,154,150,146,142,139,139,138,134,128,126,120,113,109,110,116,120,104,112,118,100,127,112,117,119,123,139,109,115,84,84,60,49,48,43,43,31,34,33,29,28,27,29,30,28,31,29,24,19,15,17,10,4,2,,,,,,,,,,,,,,,,,
Metropolitan,SB,Baker Street,Great Portland Street,,,,173,102,219,195,252,240,285,357,430,489,529,534,519,476,409,334,385,313,257,231,224,214,203,186,181,178,171,168,170,170,166,159,157,152,145,140,143,147,158,172,139,144,153,213,169,188,200,205,209,198,167,149,169,101,82,73,83,74,67,62,60,54,50,47,48,49,45,42,58,47,34,26,34,,,,,,,,,,,,,,,,,,,,
Metropolitan,SB,Great Portland Street,Euston Square,,,,167,99,212,188,243,231,273,341,410,467,503,491,472,583,384,315,289,322,261,222,217,207,198,184,180,178,172,169,171,170,166,160,158,153,147,144,149,155,154,173,185,147,157,236,188,223,222,185,310,222,177,171,190,116,93,86,97,65,78,74,65,60,55,51,52,53,48,45,62,50,36,27,35,,,,,,,,,,,,,,,,,,,,
Metropolitan,SB,Euston Square,King's Cross St. Pancras,,,,115,82,350,161,218,214,256,325,393,455,500,513,500,465,387,320,356,291,227,209,198,188,176,169,165,167,162,162,162,162,157,155,150,147,142,141,145,153,168,192,156,166,180,260,208,232,247,259,258,237,209,250,156,123,109,121,76,91,89,81,77,70,64,59,57,58,53,48,68,57,44,34,25,,,,,,,,,,,,,,,,,,,,
Metropolitan,SB,King's Cross St. Pancras,Farringdon,,,,99,106,154,145,210,203,251,329,412,498,572,614,619,566,492,536,321,336,280,229,209,195,179,171,165,166,161,160,159,158,153,151,146,143,138,138,141,146,160,177,147,217,178,197,216,236,246,260,255,236,211,251,150,124,146,91,77,101,92,85,82,78,73,68,66,65,60,54,73,60,48,36,26,,,,,,,,,,,,,,,,,,,,
Metropolitan,SB,Farringdon,Barbican,,,,,46,113,189,170,171,215,272,312,378,603,456,366,602,395,298,262,276,211,169,156,144,135,129,125,126,125,124,124,125,123,121,118,117,113,115,116,123,139,151,132,200,164,179,199,214,224,237,224,216,256,168,133,119,127,79,67,85,77,73,70,68,64,61,57,57,56,53,48,62,48,32,22,,,,,,,,,,,,,,,,,,,,
Metropolitan,SB,Barbican,Moorgate,,,,,63,69,158,160,196,145,329,290,272,527,422,407,401,348,283,231,244,186,151,139,128,121,115,112,113,113,113,113,114,112,111,109,109,105,108,110,117,123,147,171,147,152,172,247,198,211,231,233,222,200,167,139,150,91,75,69,82,75,72,69,68,64,62,59,58,57,53,48,62,48,32,22,,,,,,,,,,,,,,,,,,,,
Metropolitan,SB,Moorgate,Liverpool Street,,,,,48,51,115,103,136,124,157,203,250,286,309,314,295,255,207,170,181,142,116,108,99,94,90,87,88,88,88,88,90,89,87,86,86,82,86,88,95,102,124,134,115,171,143,153,172,181,179,181,230,157,137,121,98,108,69,58,54,65,60,52,51,47,46,44,45,45,42,38,47,34,20,13,,,,,,,,,,,,,,,,,,,,
Metropolitan,SB,Liverpool Street,Aldgate,,,,,12,20,31,26,35,37,47,67,90,116,131,144,142,130,105,87,90,70,54,49,43,40,36,33,32,32,32,32,32,33,32,31,30,29,28,28,30,31,34,39,32,34,37,41,44,48,48,48,60,41,33,29,32,20,16,15,18,16,14,14,13,13,12,13,13,14,13,12,15,11,7,5,5,,,,,,,,,,,,,,,,,,,
Northern,NB,Morden,South Wimbledon,,17,35,38,43,64,56,73,72,81,80,88,89,88,93,78,65,77,53,51,46,40,37,35,33,32,31,31,29,28,28,27,26,26,25,25,24,23,23,23,23,24,26,27,24,27,25,23,29,30,26,28,23,23,18,17,17,13,14,12,11,10,9,9,8,7,7,7,6,7,6,4,4,3,3,2,3,,,,,,,,,,,,,,,,,,,
Northern,NB,South Wimbledon,Colliers Wood,,19,40,55,47,74,79,78,94,112,114,123,132,150,123,117,100,110,74,69,62,52,49,47,44,42,42,41,40,39,38,37,36,35,35,34,33,32,32,32,33,36,40,41,38,48,33,42,45,41,48,41,42,34,34,25,27,23,21,19,17,15,14,13,12,11,11,11,11,13,9,10,8,5,6,4,7,,,,,,,,,,,,,,,,,,,
Northern,NB,Colliers Wood,Tooting Broadway,,29,50,72,66,101,94,129,133,155,162,175,189,215,178,175,147,134,130,102,83,74,69,65,61,59,58,57,55,54,52,52,49,48,47,46,44,43,43,44,45,47,52,55,50,64,44,56,60,55,64,56,59,48,48,36,39,33,31,26,23,21,19,18,16,15,15,15,14,13,15,13,8,8,7,9,6,,,,,,,,,,,,,,,,,,,
Northern,NB,Tooting Broadway,Tooting Bec,,52,50,100,107,114,151,185,188,228,241,265,286,327,272,268,226,206,165,154,125,107,101,96,91,89,88,88,86,85,84,83,79,76,75,73,72,71,72,75,78,82,90,98,88,113,91,101,106,98,113,97,100,82,81,62,69,60,50,52,46,41,37,34,30,28,27,26,26,30,22,23,20,15,13,13,13,,,,,,,,,,,,,,,,,,,
Northern,NB,Tooting Bec,Balham,,52,64,107,117,136,172,185,260,274,290,332,364,426,350,302,337,261,197,191,155,130,121,116,110,106,104,105,102,99,99,97,93,89,87,84,83,81,82,85,88,91,101,110,100,135,109,102,129,131,117,128,107,108,86,82,82,67,58,62,55,49,45,41,37,34,32,31,30,28,32,28,18,18,15,14,14,,,,,,,,,,,,,,,,,,,
Northern,NB,Balham,Clapham South,,86,57,113,130,186,205,222,268,330,396,388,426,506,417,371,415,282,302,203,185,162,143,137,130,123,122,122,120,116,115,113,108,103,100,96,95,92,93,96,101,103,112,125,136,126,144,119,150,158,143,158,135,137,109,105,90,84,71,72,64,56,51,47,43,40,39,37,38,44,32,35,31,22,19,19,13,,,,,,,,,,,,,,,,,,,
Northern,NB,Clapham South,Clapham Common,,80,73,127,141,169,275,250,299,376,454,449,494,588,484,435,495,330,296,287,217,178,164,157,148,140,139,137,134,130,129,127,123,116,113,108,106,103,104,107,111,115,125,140,154,143,159,131,165,172,157,176,151,153,122,118,101,93,80,80,69,62,57,51,47,43,41,41,40,37,44,39,26,26,21,20,20,23,,,,,,,,,,,,,,,,,,
Northern,NB,Clapham Common,Clapham North,,175,58,126,199,175,240,317,324,399,495,485,532,643,543,480,478,439,336,310,248,201,184,174,166,157,153,151,150,144,143,141,136,129,126,120,118,115,113,116,122,126,142,152,142,189,175,143,184,191,173,198,167,172,135,133,112,104,87,89,76,68,63,58,54,50,48,47,46,44,52,37,40,33,25,19,26,30,,,,,,,,,,,,,,,,,,
Northern,NB,Clapham North,Stockwell,,,61,134,162,191,299,277,389,412,501,500,550,664,570,506,509,482,374,287,280,226,194,184,176,166,162,160,159,153,151,148,143,135,132,127,125,121,120,123,128,131,142,160,179,162,185,179,166,204,209,184,199,165,162,128,139,99,93,98,81,72,66,61,57,52,51,50,48,45,55,49,34,35,30,28,19,33,,,,,,,,,,,,,,,,,,
Northern,NB,Stockwell,Oval,,,50,109,156,146,230,215,305,324,397,402,463,564,493,454,461,361,325,298,225,176,156,146,138,130,126,125,124,122,120,120,117,112,108,105,102,99,99,101,104,109,117,134,153,138,161,157,147,183,191,169,184,155,154,120,111,108,85,86,75,65,61,57,53,50,48,48,50,50,48,56,51,40,26,33,23,36,,,,,,,,,,,,,,,,,,
Northern,NB,Oval,Kennington,,,61,105,166,149,193,256,309,327,386,414,539,514,512,493,489,393,358,334,212,198,172,154,146,137,133,132,131,128,127,126,124,118,114,111,108,104,104,107,111,115,125,145,158,144,202,166,157,200,210,186,203,167,168,129,121,118,94,78,79,69,61,57,53,50,48,49,49,48,61,57,40,43,36,26,37,23,,,,,,,,,,,,,,,,,,
Northern,NB,Battersea Power Station,Nine Elms,,4,4,27,39,27,63,52,136,62,78,121,144,116,150,144,114,82,67,88,56,64,48,64,50,64,50,69,55,73,56,75,57,72,54,74,58,78,63,88,69,94,76,106,85,128,102,106,117,115,118,113,107,101,97,86,79,101,51,90,63,82,61,75,54,70,53,69,49,59,42,50,29,33,29,13,23,6,,,,,,,,,,,,,,,,,,
Northern,NB,Nine Elms,Kennington,,6,6,43,58,42,96,78,178,94,185,126,207,247,242,234,210,173,131,114,149,90,118,84,117,81,112,82,120,86,121,87,121,83,113,80,114,82,118,88,129,94,139,105,155,117,189,144,150,159,160,159,149,139,132,123,107,95,85,80,105,71,100,67,90,61,86,60,81,52,70,43,52,46,24,19,38,11,11,,,,,,,,,,,,,,,,,
Northern,NB,Kennington,Waterloo,,,48,83,80,84,118,117,150,170,232,220,324,348,294,340,268,261,210,154,136,107,94,90,92,87,88,88,93,91,91,89,90,84,83,80,82,78,81,81,86,85,92,104,116,130,149,139,182,159,165,166,163,150,142,124,110,108,93,75,67,56,53,47,47,43,44,41,42,37,36,40,35,23,26,20,17,12,20,,,,,,,,,,,,,,,,,
Northern,NB,Waterloo,Embankment,,,44,86,84,124,125,140,176,202,281,297,410,394,472,386,424,376,296,254,232,204,183,182,177,176,168,173,172,173,165,169,163,159,151,153,148,150,147,154,153,160,166,190,201,230,252,237,311,282,294,302,298,277,257,224,192,191,159,133,116,106,96,95,88,91,88,90,87,82,77,89,60,63,55,42,31,28,54,,,,,,,,,,,,,,,,,
Northern,NB,Embankment,Charing Cross,,,72,52,116,80,113,147,127,192,192,285,335,313,387,329,364,275,273,244,214,193,176,176,174,176,173,181,183,185,180,184,179,174,169,172,168,169,169,177,178,185,197,224,242,263,288,326,351,321,341,356,347,330,300,271,229,193,192,165,139,127,117,114,105,109,106,110,108,102,91,110,92,59,62,52,46,30,29,,,,,,,,,,,,,,,,,
Northern,NB,Charing Cross,Leicester Square,,,76,45,121,111,87,155,156,170,244,245,354,392,338,403,321,334,290,245,223,202,184,182,181,181,178,185,190,191,188,192,189,183,180,181,182,182,184,191,197,202,218,244,267,291,333,374,337,366,386,390,377,357,324,286,243,249,211,181,165,152,142,138,133,134,137,144,146,143,130,118,126,98,61,62,60,35,33,,,,,,,,,,,,,,,,,
Northern,NB,Leicester Square,Tottenham Court Road,,,67,60,66,90,98,130,119,181,179,270,314,294,363,314,347,264,261,234,202,183,167,165,160,159,155,159,163,166,167,174,176,176,177,181,184,186,190,200,208,217,235,263,284,309,334,372,399,356,370,383,368,349,323,301,266,238,255,230,208,196,189,188,194,203,216,232,240,225,208,230,152,148,128,98,71,63,59,,,,,,,,,,,,,,,,,
Northern,NB,Tottenham Court Road,Goodge Street,,,43,42,51,77,82,116,118,126,177,174,243,262,222,260,208,210,152,157,146,131,128,129,130,132,131,134,136,138,140,147,151,155,159,165,170,174,178,188,196,207,224,250,273,297,322,358,387,344,361,371,359,338,313,277,254,274,209,229,224,201,194,188,191,194,206,219,215,210,240,166,173,148,91,91,67,55,50,,,,,,,,,,,,,,,,,
Northern,NB,Goodge Street,Warren Street,,,,22,64,71,74,79,106,126,126,175,163,209,208,164,179,130,128,118,107,102,102,105,109,112,115,119,122,124,129,133,139,144,149,154,162,164,172,182,192,201,221,243,268,291,322,358,390,346,366,373,363,343,321,293,262,238,259,237,222,213,201,199,197,203,209,223,226,216,204,225,147,151,124,72,91,62,34,,,,,,,,,,,,,,,,,
Northern,NB,Warren Street,Euston,,,,17,51,52,54,79,80,86,120,125,162,148,167,134,140,122,85,97,95,90,92,95,100,103,108,113,117,119,125,129,135,139,144,148,157,160,169,180,192,202,225,248,273,297,328,364,396,350,369,376,365,346,325,287,266,288,217,239,235,213,203,200,196,199,207,219,220,211,194,218,179,116,121,94,67,61,37,,,,,,,,,,,,,,,,,
Northern,NB,Euston,Mornington Crescent,,,,15,24,58,35,63,71,91,95,137,130,170,167,134,143,104,103,93,83,80,77,78,79,83,86,90,94,100,102,108,112,117,118,124,127,133,139,148,154,167,179,201,222,248,278,316,343,306,325,331,322,310,295,274,248,225,244,218,200,189,181,172,173,171,175,180,189,186,176,157,173,139,89,88,67,59,56,55,,,,,,,,,,,,,,,,
Northern,NB,Mornington Crescent,Camden Town,,,,14,19,47,37,57,61,71,102,98,136,143,115,130,96,95,84,78,75,62,73,76,74,79,82,87,90,96,99,105,109,113,114,121,124,130,136,145,152,165,177,187,209,287,260,301,338,301,322,327,317,303,292,271,244,227,249,184,203,192,175,168,169,166,171,175,184,176,166,191,165,107,113,89,66,62,39,67,,,,,,,,,,,,,,,,
Northern,NB,Kennington,Elephant & Castle,,,156,92,221,164,216,228,279,331,401,506,489,472,574,475,486,406,313,247,235,182,157,145,138,127,122,121,121,118,118,119,119,115,112,109,108,104,104,106,110,114,124,135,147,158,173,154,170,215,189,190,189,173,157,135,115,114,98,86,79,73,70,66,63,60,60,60,59,62,75,55,60,53,40,31,30,28,,,,,,,,,,,,,,,,,,
Northern,NB,Elephant & Castle,Borough,,,168,99,235,160,208,274,267,314,392,501,506,476,503,573,509,414,335,264,249,192,159,149,141,132,127,128,127,127,127,129,128,126,122,120,117,116,116,121,125,132,141,155,166,181,197,180,185,205,244,181,236,164,196,149,120,129,109,97,88,82,77,74,70,68,66,67,67,67,64,76,66,44,46,37,32,31,,,,,,,,,,,,,,,,,,
Northern,NB,Borough,London Bridge,,,173,130,143,216,202,208,327,309,374,490,499,471,510,572,440,504,341,257,258,199,165,154,148,139,132,132,134,132,132,134,135,132,128,126,124,121,121,126,131,139,158,174,156,198,215,231,206,222,231,234,222,206,181,158,129,132,139,99,90,88,83,79,76,74,71,71,72,70,69,81,57,60,49,37,37,36,43,,,,,,,,,,,,,,,,,
Northern,NB,London Bridge,Bank and Monument,,,130,121,244,229,191,317,312,355,419,521,647,508,549,652,513,493,416,330,321,261,227,214,205,194,188,189,190,187,190,192,193,187,186,184,183,182,187,196,208,218,237,258,277,289,319,352,321,344,366,366,349,321,288,250,214,224,194,173,159,150,139,134,131,129,127,126,128,130,129,156,142,96,96,73,67,65,78,,,,,,,,,,,,,,,,,
Northern,NB,Bank and Monument,Moorgate,,,,65,174,173,178,234,231,266,304,362,434,339,367,447,363,372,323,272,275,233,204,196,188,179,174,178,180,179,181,187,188,186,186,186,186,184,189,196,207,218,235,260,281,304,344,396,364,399,422,427,406,380,344,305,266,282,248,219,202,184,171,159,156,150,148,145,144,142,146,169,121,133,112,79,58,83,97,,,,,,,,,,,,,,,,,
Northern,NB,Moorgate,Old Street,,,,57,83,190,102,167,216,197,223,270,309,237,250,300,243,258,232,205,183,194,175,166,161,155,153,157,159,159,161,166,168,168,171,175,175,175,180,190,200,213,231,254,273,294,321,371,412,376,403,416,397,375,343,311,276,246,261,235,208,191,178,166,161,154,150,146,145,139,136,158,143,121,79,78,76,49,94,,,,,,,,,,,,,,,,,
Northern,NB,Old Street,Angel,,,,58,71,164,118,150,153,176,195,213,235,210,178,178,200,183,161,155,147,165,157,155,154,151,151,155,160,159,161,166,168,166,170,174,177,177,184,195,209,222,243,267,291,312,360,414,385,419,448,448,426,399,363,320,283,302,266,242,224,206,192,181,173,168,163,160,156,150,151,176,124,135,113,65,79,54,96,,,,,,,,,,,,,,,,,
Northern,NB,Angel,King's Cross St. Pancras,,,,58,104,105,104,137,169,154,173,195,211,186,156,151,166,152,133,128,125,142,138,140,141,140,142,149,155,158,161,167,169,168,169,176,178,182,189,204,217,233,252,281,302,325,374,426,390,424,449,446,427,397,362,320,284,301,272,247,232,213,203,190,184,180,178,175,175,173,165,154,173,145,93,88,64,82,53,,,,,,,,,,,,,,,,,
Northern,NB,King's Cross St. Pancras,Euston,,,,55,40,99,79,98,105,155,142,156,183,159,132,130,142,105,107,103,97,111,110,112,112,112,114,121,126,130,132,138,139,141,143,149,151,156,161,175,186,199,213,238,257,280,307,357,393,359,379,395,381,361,334,310,275,244,264,236,211,195,185,171,166,162,160,155,155,145,137,163,143,95,103,81,56,52,53,,,,,,,,,,,,,,,,,
Northern,NB,Euston,Camden Town,,,,35,33,43,65,60,107,102,122,182,162,139,120,117,126,95,100,98,93,106,105,106,108,108,113,116,123,123,127,130,136,134,141,143,150,151,161,170,186,194,213,231,257,276,306,343,378,341,364,386,390,378,353,326,289,254,273,250,225,208,189,177,164,158,151,151,148,148,141,132,146,125,100,65,61,56,54,,,,,,,,,,,,,,,,,
Northern,NB,Camden Town,Kentish Town,,,,10,20,38,36,36,65,61,93,99,133,119,138,105,92,93,55,68,65,60,59,60,62,64,67,71,76,78,81,88,94,99,106,113,118,124,131,142,153,166,184,206,228,254,282,309,345,376,339,363,376,369,354,330,298,264,234,253,226,203,189,179,174,171,173,175,184,177,175,202,145,151,129,78,75,105,62,72,,,,,,,,,,,,,,,,
Northern,NB,Kentish Town,Tufnell Park,,,,6,13,24,28,33,44,60,66,99,116,102,119,92,78,64,51,54,50,48,48,49,51,53,56,59,63,66,69,75,80,86,91,98,104,109,116,126,136,149,165,187,206,231,257,299,331,300,323,341,338,328,310,278,251,265,194,211,198,179,168,160,156,155,157,159,166,167,158,152,170,111,111,93,66,62,63,79,,,,,,,,,,,,,,,,
Northern,NB,Tufnell Park,Archway,,,,10,7,21,23,31,49,48,76,76,111,116,94,103,65,73,50,42,48,47,44,45,47,49,51,55,58,60,64,69,74,80,84,91,96,101,108,117,126,138,153,163,192,268,198,264,302,322,287,305,313,306,288,269,242,212,187,201,179,162,152,144,140,139,141,143,149,151,142,132,148,125,100,67,65,63,58,72,,,,,,,,,,,,,,,,
Northern,NB,Archway,Highgate,,,,5,5,7,24,21,27,43,58,62,87,79,90,70,58,47,36,38,35,34,33,34,36,37,39,42,45,47,49,54,59,63,68,74,78,82,88,95,103,114,126,142,159,176,198,220,246,269,245,255,266,260,246,227,208,179,156,169,150,135,126,120,115,114,114,117,121,122,115,113,127,85,86,75,53,39,53,67,,,,,,,,,,,,,,,,
Northern,NB,Highgate,East Finchley,,,,4,4,10,13,18,34,38,42,66,76,68,81,63,53,44,33,34,30,28,28,28,30,31,32,35,37,39,41,44,49,53,56,61,66,69,74,79,86,94,105,117,134,149,166,181,206,224,202,216,224,218,206,192,172,151,132,141,126,113,105,100,95,93,92,94,95,97,96,91,82,89,75,59,37,47,49,28,,,,,,,,,,,,,,,,
Northern,NB,East Finchley,Finchley Central,0,,1,1,1,3,6,9,16,23,33,41,48,61,62,47,41,35,34,24,24,23,23,22,23,24,25,27,29,30,32,34,38,40,43,47,51,53,57,62,68,73,82,91,85,94,103,116,153,169,153,163,167,166,158,146,132,114,101,106,95,86,79,74,70,68,68,68,69,71,70,67,61,68,56,36,36,27,37,47,25,,,,,,,,,,,,,,,
Northern,NB,Finchley Central,Mill Hill East,,0,0,0,0,0,1,3,11,14,37,50,54,26,42,36,12,21,18,12,11,11,10,10,10,12,13,14,15,15,16,17,19,20,21,24,27,27,30,35,35,39,44,50,53,58,59,70,75,41,87,96,113,111,54,106,97,68,64,58,52,48,43,37,35,33,32,32,33,33,31,29,27,23,18,15,12,8,6,4,2,,,,,,,,,,,,,,,
Northern,NB,Finchley Central,West Finchley,,,1,1,1,3,3,6,11,18,25,34,40,54,54,46,38,31,19,16,17,16,17,18,18,19,20,21,22,23,24,26,28,31,33,36,38,40,43,46,52,58,64,73,82,72,79,85,97,168,139,200,153,153,197,109,162,88,73,83,72,65,60,56,53,52,51,52,52,53,52,51,46,56,49,39,23,25,27,16,20,,,,,,,,,,,,,,,
Northern,NB,West Finchley,Woodside Park,,,,1,1,3,4,5,11,19,20,34,49,55,54,39,38,32,22,14,15,15,15,16,17,17,18,19,20,21,21,23,25,27,29,31,34,36,37,40,45,50,55,61,70,61,67,71,81,151,117,128,183,131,125,120,107,91,65,68,62,55,52,49,46,45,44,44,44,45,45,43,40,50,43,25,29,23,16,16,21,,,,,,,,,,,,,,,
Northern,NB,Woodside Park,Totteridge & Whetstone,,,,0,1,1,2,4,8,14,19,26,29,40,39,31,20,27,15,8,12,11,11,11,11,12,12,13,14,14,15,16,17,18,19,21,22,23,25,27,30,33,36,40,46,38,42,60,55,73,83,113,88,117,84,61,99,65,44,40,44,39,35,33,31,30,30,30,30,31,29,29,37,25,30,26,15,16,12,11,15,,,,,,,,,,,,,,,
Northern,NB,Totteridge & Whetstone,High Barnet,,,,0,0,0,1,3,5,10,15,21,26,36,35,28,23,18,10,8,9,8,8,8,9,9,9,9,10,10,10,11,11,12,13,14,15,15,16,17,19,21,23,25,28,24,26,37,27,45,64,51,67,53,65,37,41,52,26,23,26,23,21,19,18,18,18,18,18,18,18,17,16,21,19,12,14,12,6,8,11,,,,,,,,,,,,,,,
Northern,NB,Camden Town,Chalk Farm,,,,34,28,36,55,51,91,91,110,160,140,118,118,106,81,81,84,64,62,58,68,68,67,68,70,74,76,79,83,89,92,95,99,102,104,109,115,126,137,148,158,180,203,224,250,274,302,323,283,292,301,286,263,245,228,201,182,205,189,170,160,153,146,141,138,140,138,135,134,154,107,116,96,57,57,41,33,67,,,,,,,,,,,,,,,,
Northern,NB,Chalk Farm,Belsize Park,,,,,18,46,41,55,63,104,102,113,130,128,89,115,75,61,78,56,52,58,56,57,59,59,62,65,67,69,74,78,83,84,88,90,94,96,103,111,123,131,145,160,184,200,223,258,287,255,270,277,272,255,232,213,190,164,176,166,150,142,135,132,126,125,124,125,126,128,122,118,129,86,87,70,51,38,26,65,,,,,,,,,,,,,,,,
Northern,NB,Belsize Park,Hampstead,,,,,24,26,31,47,59,61,95,87,97,101,69,74,66,47,57,44,41,40,47,48,49,49,52,54,57,59,63,66,70,72,75,77,81,84,91,99,111,121,138,154,176,191,212,238,257,274,242,246,246,236,217,194,179,152,135,148,140,126,120,118,112,110,108,109,110,111,106,99,108,94,76,49,50,51,23,29,,,,,,,,,,,,,,,,
Northern,NB,Hampstead,Golders Green,,,,,18,21,32,37,49,50,57,68,92,61,60,59,51,37,48,35,33,31,37,38,39,38,40,43,45,47,50,55,58,61,63,67,69,73,78,85,94,104,116,135,154,177,196,217,231,248,214,227,227,220,203,185,159,140,124,136,124,117,111,107,103,101,97,99,98,99,97,90,102,88,58,59,51,36,25,33,,,,,,,,,,,,,,,,
Northern,NB,Golders Green,Brent Cross,1,1,7,6,7,14,35,20,37,48,45,51,58,59,57,56,65,38,39,37,41,25,36,30,29,30,30,32,33,36,38,42,44,47,48,51,53,56,59,65,71,80,89,104,118,136,150,167,233,255,213,221,223,212,195,179,159,138,121,108,98,92,88,85,81,78,75,75,75,75,75,74,66,75,81,49,78,40,27,62,33,,,,,,,,,,,,,,,
Northern,NB,Brent Cross,Hendon Central,,1,4,11,6,8,27,23,31,33,50,47,52,56,57,54,52,45,39,34,33,30,28,28,29,28,28,30,31,33,35,39,41,44,44,47,49,52,54,60,66,73,82,95,107,124,138,153,204,225,235,196,199,196,182,169,152,134,120,89,95,88,82,79,76,72,70,69,68,68,66,63,74,65,55,60,52,55,21,56,41,,,,,,,,,,,,,,,
Northern,NB,Hendon Central,Colindale,,2,2,8,5,8,14,16,25,33,33,37,39,41,50,37,32,24,28,16,21,14,20,16,17,17,18,19,21,22,24,26,29,31,33,35,37,38,41,45,52,56,63,71,81,92,103,114,165,180,144,157,201,126,140,136,113,100,111,66,70,69,63,60,58,55,53,52,52,50,51,48,44,48,55,43,36,30,22,23,30,,,,,,,,,,,,,,,
Northern,NB,Colindale,Burnt Oak,,2,3,4,5,4,12,10,14,17,17,25,21,19,28,21,18,13,12,14,10,8,13,11,11,12,13,14,15,16,17,18,19,21,22,23,24,26,27,31,35,38,42,48,53,61,66,73,104,110,92,120,96,92,87,65,69,60,49,43,39,35,33,31,29,28,27,26,26,26,26,25,23,27,30,19,21,17,12,12,15,,,,,,,,,,,,,,,
Northern,NB,Burnt Oak,Edgware,,2,3,2,7,2,5,8,9,10,10,15,13,13,13,10,11,12,7,8,7,7,9,8,8,9,9,10,11,11,12,13,13,14,14,15,16,17,18,19,22,24,26,29,32,36,39,46,62,54,66,57,68,44,47,45,38,33,29,25,23,21,19,18,17,16,16,15,15,15,15,15,14,13,18,15,11,10,7,5,10,,,,,,,,,,,,,,,
Northern,SB,Edgware,Burnt Oak,,24,22,24,33,35,41,47,54,53,60,56,58,57,61,68,44,31,34,37,24,22,22,20,19,18,19,18,18,17,17,16,16,16,15,15,15,15,15,15,15,15,16,17,17,18,19,19,26,24,19,23,17,15,12,12,11,9,8,7,6,5,5,4,4,3,3,3,3,3,2,2,2,2,2,4,1,1,1,1,,,,,,,,,,,,,,,,
Northern,SB,Burnt Oak,Colindale,,52,113,56,56,99,87,93,102,93,104,95,97,99,109,93,78,67,55,48,42,37,34,32,30,28,29,28,27,26,26,25,24,23,23,23,23,22,23,23,23,23,23,24,32,27,29,32,42,39,30,36,25,21,17,18,16,13,12,10,7,8,7,7,6,5,5,5,4,3,3,3,2,2,4,3,2,2,1,1,,,,,,,,,,,,,,,,
Northern,SB,Colindale,Hendon Central,,90,148,77,106,141,128,149,167,151,175,163,171,173,196,172,142,120,100,87,74,66,60,57,52,51,50,49,47,46,45,45,43,42,41,41,40,40,40,41,39,40,43,43,45,61,51,54,73,71,55,64,45,38,29,30,26,22,19,17,12,13,12,11,10,9,9,8,7,6,5,5,4,4,4,5,5,2,1,0,,,,,,,,,,,,,,,,
Northern,SB,Hendon Central,Brent Cross,,,93,146,110,184,163,188,279,188,215,209,218,226,261,232,196,164,137,115,100,86,81,76,72,68,68,67,65,63,63,62,61,59,59,58,58,57,59,60,62,61,66,66,72,91,67,104,84,98,99,90,65,59,45,47,40,33,30,25,22,16,18,16,15,13,13,12,11,9,8,7,6,5,9,4,7,3,2,0,,,,,,,,,,,,,,,,
Northern,SB,Brent Cross,Golders Green,,,86,157,158,137,176,280,225,193,230,260,236,237,236,321,217,175,153,130,111,98,89,85,79,76,73,74,71,70,68,69,66,65,64,64,63,63,63,66,66,66,69,71,75,97,69,110,93,111,89,101,74,81,48,42,57,38,32,29,25,18,20,19,17,15,14,14,12,11,9,8,7,5,7,8,5,6,2,1,1,,,,,,,,,,,,,,,
Northern,SB,Golders Green,Hampstead,,,77,88,157,212,151,232,357,226,262,315,290,294,298,274,284,231,204,171,148,128,118,111,106,98,97,96,94,89,89,87,86,82,82,81,81,77,80,81,84,83,88,94,97,96,103,133,111,109,93,105,82,69,64,68,61,50,45,39,33,29,26,24,22,20,19,18,17,15,13,11,9,7,8,7,5,,,,,,,,,,,,,,,,,,,
Northern,SB,Hampstead,Belsize Park,,,157,89,100,110,147,173,201,242,283,275,310,327,317,300,312,261,218,192,161,142,127,122,114,109,105,107,104,101,98,98,95,93,92,92,90,89,88,92,94,96,100,107,111,116,107,113,98,112,112,103,95,85,78,82,71,61,54,48,40,35,31,29,27,25,24,24,22,20,18,16,14,11,11,8,10,11,,,,,,,,,,,,,,,,,,
Northern,SB,Belsize Park,Chalk Farm,,,140,93,139,95,153,184,209,239,282,333,319,341,346,330,353,295,248,216,185,159,146,137,132,125,123,123,123,118,116,114,113,109,107,105,105,101,103,106,111,112,120,134,142,122,132,139,138,139,137,131,121,109,96,85,88,92,63,56,51,45,41,37,34,30,29,27,26,24,22,20,17,14,11,13,9,14,,,,,,,,,,,,,,,,,,
Northern,SB,Chalk Farm,Camden Town,,,146,81,128,110,149,182,217,253,299,356,342,371,388,372,335,337,286,235,203,174,161,151,146,138,136,136,137,131,130,128,127,122,121,118,118,114,117,120,126,126,136,147,153,160,144,151,154,158,158,154,145,133,119,107,111,93,79,69,60,53,49,45,43,40,42,50,71,75,75,70,58,31,20,21,13,18,,,,,,,,,,,,,,,,,,
Northern,SB,High Barnet,Totteridge & Whetstone,,15,13,23,32,20,30,47,34,71,68,60,63,63,73,60,47,40,32,22,19,22,21,20,19,19,18,18,17,17,17,16,16,15,15,15,14,14,15,19,23,26,31,34,28,33,26,24,23,28,25,24,29,19,19,13,14,9,7,4,6,6,5,5,4,3,3,3,3,2,2,2,2,2,1,1,0,0,0,0,,,,,,,,,,,,,,,,
Northern,SB,Totteridge & Whetstone,Woodside Park,,19,44,35,34,43,43,74,70,88,113,104,107,108,126,106,85,71,58,37,32,37,34,33,31,30,30,29,28,27,26,26,24,24,23,22,21,21,21,24,29,32,36,40,42,40,32,33,32,30,37,48,31,28,32,19,21,13,11,8,7,8,7,7,6,5,4,4,4,4,3,3,2,2,1,1,1,0,0,0,,,,,,,,,,,,,,,,
Northern,SB,Woodside Park,West Finchley,,30,51,46,66,63,66,88,109,130,161,185,159,152,150,214,131,105,95,61,53,59,55,53,50,48,47,46,43,42,40,39,37,35,34,33,31,31,35,39,46,50,55,59,58,45,58,47,44,48,58,56,70,47,39,45,28,29,20,12,12,13,12,11,10,8,8,7,7,6,5,5,4,3,3,2,1,1,1,0,,,,,,,,,,,,,,,,
Northern,SB,West Finchley,Finchley Central,,36,60,53,77,74,69,95,158,155,180,174,233,188,177,201,164,134,111,88,62,55,63,60,57,54,53,52,49,47,46,44,42,40,38,37,35,34,38,43,48,51,56,57,59,59,49,50,50,53,64,62,78,52,44,50,31,31,22,17,11,14,14,12,11,9,8,8,7,6,6,5,4,3,3,2,1,1,1,0,,,,,,,,,,,,,,,,
Northern,SB,Mill Hill East,Finchley Central,,8,13,20,30,34,54,68,41,92,190,206,103,231,234,68,108,99,32,49,45,39,35,32,30,31,30,29,28,28,27,27,26,24,24,22,22,23,23,22,25,29,30,33,39,43,42,43,42,35,34,32,14,24,22,16,13,6,10,10,7,6,6,6,5,5,5,4,4,3,3,2,2,,1,0,0,0,0,0,0,,,,,,,,,,,,,,,
Northern,SB,Finchley Central,East Finchley,,,45,50,79,80,87,115,145,184,233,229,246,253,243,213,209,145,118,116,80,72,81,77,72,68,67,65,61,59,57,55,52,51,48,46,44,43,46,50,52,55,61,63,65,71,76,58,72,73,73,70,65,56,50,50,35,33,28,24,18,15,17,16,14,12,11,11,10,9,8,7,5,5,4,3,1,2,2,0,0,0,,,,,,,,,,,,,,
Northern,SB,East Finchley,Highgate,,,96,59,92,98,107,144,179,230,290,290,315,329,322,291,290,241,199,161,132,118,108,102,96,91,88,86,82,78,75,74,70,67,64,62,59,57,59,63,65,69,75,81,83,89,96,86,90,94,97,92,86,78,67,57,59,39,38,33,28,24,22,20,18,16,15,14,13,12,11,10,8,8,6,6,3,,,,,,,,,,,,,,,,,,,
Northern,SB,Highgate,Archway,,,106,55,95,135,113,154,204,259,328,329,369,388,384,357,366,302,248,203,164,143,130,123,115,109,106,104,99,94,92,89,85,81,78,75,71,69,69,73,75,78,85,92,97,104,113,101,107,110,114,112,104,95,83,71,71,48,46,40,33,29,26,24,22,19,18,17,17,16,14,13,11,11,9,8,4,8,,,,,,,,,,,,,,,,,,
Northern,SB,Archway,Tufnell Park,,,101,97,102,112,156,170,236,288,305,447,424,436,447,422,444,366,304,253,204,173,159,151,141,134,130,128,124,119,115,113,109,102,99,96,91,88,88,91,93,97,105,114,122,133,144,129,137,142,143,143,134,121,107,92,92,63,65,55,48,42,38,34,30,26,25,24,23,21,20,18,15,12,17,9,5,14,,,,,,,,,,,,,,,,,,
Northern,SB,Tufnell Park,Kentish Town,,,109,91,109,159,134,183,241,294,371,455,437,469,494,473,421,419,347,276,224,190,174,165,155,146,142,140,137,131,127,125,120,113,110,106,101,97,97,100,103,106,115,124,133,144,155,139,147,152,154,153,144,131,116,100,100,68,70,60,52,46,41,37,33,30,29,29,29,28,27,23,20,19,15,14,10,6,,,,,,,,,,,,,,,,,,
Northern,SB,Kentish Town,Camden Town,,,116,97,104,155,167,179,239,319,403,410,475,509,501,479,509,424,351,297,243,207,188,178,170,161,157,156,155,148,144,141,136,128,124,121,117,112,112,114,118,121,130,142,152,166,179,163,172,179,182,181,170,156,136,118,119,82,81,72,62,56,50,47,43,40,43,50,58,65,67,61,51,37,30,27,16,9,,,,,,,,,,,,,,,,,,
Northern,SB,Camden Town,Mornington Crescent,,,,69,101,116,151,157,192,235,293,361,356,396,419,412,381,393,331,281,239,203,184,178,172,167,167,170,172,169,165,164,162,156,155,155,155,152,152,156,158,159,163,174,182,195,207,186,197,204,202,201,189,172,150,131,134,113,95,84,76,68,62,57,53,51,52,61,77,88,90,86,72,51,41,28,23,14,,,,,,,,,,,,,,,,,,
Northern,SB,Mornington Crescent,Euston,,,,61,101,154,120,157,197,235,294,362,357,397,420,399,381,490,276,282,257,206,188,182,176,171,171,175,177,174,171,170,168,162,160,161,160,158,159,163,166,168,173,186,197,204,220,241,216,225,232,228,214,192,173,148,128,130,109,91,82,74,67,63,59,57,59,70,89,102,105,98,82,73,46,32,29,14,,,,,,,,,,,,,,,,,,
Northern,SB,Euston,Warren Street,,,,65,96,154,162,173,217,270,334,403,398,444,469,462,434,452,383,328,285,244,223,215,212,207,207,211,214,209,205,202,199,191,187,185,185,180,182,184,189,189,195,206,217,238,261,241,264,281,284,281,268,244,216,189,195,163,137,122,109,100,91,86,79,74,73,78,90,101,103,98,85,64,53,36,29,14,,,,,,,,,,,,,,,,,,
Northern,SB,Warren Street,Goodge Street,,,,79,97,154,131,172,217,259,317,380,358,401,508,418,405,441,313,326,284,232,214,208,207,204,204,210,215,210,206,204,201,193,190,187,188,185,187,191,196,198,206,219,234,249,273,303,280,300,312,311,297,271,243,212,183,185,156,133,120,110,102,97,89,82,81,85,96,107,109,104,91,68,58,40,33,16,,,,,,,,,,,,,,,,,,
Northern,SB,Goodge Street,Tottenham Court Road,,,,79,84,140,149,160,200,245,301,361,353,396,417,409,386,407,343,298,261,228,207,202,200,200,198,205,212,210,206,206,203,197,193,192,192,192,193,198,205,211,221,236,254,284,314,291,325,348,354,350,333,302,266,232,241,204,173,155,140,129,121,115,107,100,97,99,108,119,121,115,102,80,69,47,43,20,43,,,,,,,,,,,,,,,,,
Northern,SB,Tottenham Court Road,Leicester Square,,,,85,99,155,164,172,208,243,282,332,381,345,364,364,334,288,299,254,219,198,187,183,181,184,185,189,195,196,192,193,195,193,192,194,194,194,195,202,209,221,236,258,285,312,351,396,367,396,421,422,405,373,336,293,253,256,219,188,166,152,148,146,141,138,143,149,155,161,162,145,124,98,91,63,58,26,60,,,,,,,,,,,,,,,,,
Northern,SB,Leicester Square,Charing Cross,,,,69,79,110,123,161,163,191,243,283,274,297,316,299,276,284,244,203,186,163,154,147,146,141,144,144,150,151,154,157,163,164,169,171,174,173,180,185,195,204,222,239,266,294,330,374,345,377,396,405,387,373,329,256,317,282,242,226,208,192,192,193,196,199,216,229,247,249,248,223,198,153,120,109,103,42,99,,,,,,,,,,,,,,,,,
Northern,SB,Charing Cross,Embankment,,,,98,60,93,105,109,138,163,193,224,267,242,258,259,241,205,212,178,155,136,130,123,122,117,120,120,125,126,131,133,140,142,148,150,154,154,162,168,178,187,205,221,246,271,305,345,318,349,368,376,361,343,310,283,253,272,244,221,205,190,191,192,198,205,224,241,262,263,260,233,200,156,156,115,82,53,117,,,,,,,,,,,,,,,,,
Northern,SB,Embankment,Waterloo,,,,88,54,83,91,94,117,137,159,179,210,188,197,190,173,176,153,128,100,112,107,100,100,97,100,100,106,107,112,116,122,125,131,133,138,140,149,154,166,180,200,217,246,276,302,342,391,359,388,405,400,374,345,313,284,247,265,236,209,190,190,192,198,204,223,240,263,263,261,237,203,158,155,113,109,68,38,,,,,,,,,,,,,,,,,
Northern,SB,Waterloo,Kennington,,,,33,17,33,45,40,56,69,81,98,108,94,95,92,80,72,72,66,57,56,50,52,50,51,48,50,49,52,52,56,57,61,62,66,66,69,69,75,77,90,98,115,125,155,169,214,238,204,312,236,268,261,237,206,192,201,172,146,131,110,99,105,106,112,118,130,146,153,156,146,134,106,82,78,84,53,31,,,,,,,,,,,,,,,,,
Northern,SB,Kennington,Oval,,,,,55,58,74,64,83,99,101,129,122,146,121,99,99,73,80,71,74,68,62,62,61,60,61,64,68,71,76,82,88,92,95,100,104,107,113,124,134,148,166,194,221,266,304,270,315,324,422,395,400,437,357,356,282,277,247,248,268,241,223,218,218,220,226,235,244,259,267,213,199,210,138,130,101,70,78,143,,,,,,,,,,,,,,,,
Northern,SB,Camden Town,Euston,,,,100,119,140,142,188,252,300,285,423,499,437,461,463,416,419,346,276,225,194,172,166,157,151,144,147,144,143,141,143,140,140,137,139,136,134,133,139,139,146,154,171,180,196,173,186,192,203,206,209,200,186,164,146,146,102,100,88,72,64,59,58,54,53,56,68,85,100,104,100,86,63,40,33,42,21,,,,,,,,,,,,,,,,,,
Northern,SB,Euston,King's Cross St. Pancras,,,,92,105,171,137,180,226,286,331,341,487,454,476,483,444,459,384,314,261,220,194,180,172,162,156,156,157,152,150,151,151,147,144,142,141,136,135,138,143,146,157,171,186,198,176,188,196,202,207,210,205,193,176,160,165,118,121,108,95,87,79,76,74,70,70,78,91,100,103,99,86,65,44,38,33,29,,,,,,,,,,,,,,,,,,
Northern,SB,King's Cross St. Pancras,Angel,,,,172,102,127,141,187,235,286,336,418,509,481,523,539,514,543,471,394,278,279,246,220,210,197,189,186,185,179,176,176,177,173,173,169,168,164,163,165,172,177,190,205,214,226,238,209,222,236,246,255,253,241,228,204,181,189,137,141,131,117,109,103,101,96,98,103,112,116,117,108,96,76,55,50,71,42,44,,,,,,,,,,,,,,,,,
Northern,SB,Angel,Old Street,,,,150,95,158,131,178,228,272,322,401,485,460,505,532,506,443,449,371,295,245,214,202,191,181,175,176,174,173,171,171,170,168,167,166,165,163,165,170,175,183,195,213,223,237,252,224,235,249,260,267,262,248,233,207,182,192,141,148,139,127,120,118,115,115,117,125,131,139,137,129,113,92,68,63,58,52,63,,,,,,,,,,,,,,,,,
Northern,SB,Old Street,Moorgate,,,,129,136,145,121,167,213,248,297,373,449,427,466,485,455,397,399,330,268,226,201,191,185,177,174,174,175,174,173,172,172,168,167,167,166,166,170,176,184,193,209,229,245,266,292,264,284,305,320,329,323,303,280,245,214,221,163,172,162,149,143,140,138,138,139,146,152,158,156,148,132,109,86,79,56,70,85,,,,,,,,,,,,,,,,,
Northern,SB,Moorgate,Bank and Monument,,,,119,129,140,121,165,212,247,295,355,417,382,410,405,380,397,337,281,244,208,187,180,177,173,172,173,176,175,176,176,178,176,175,175,176,175,180,189,199,211,229,254,287,312,291,322,353,374,396,403,395,368,328,296,302,224,240,187,200,193,178,172,170,170,171,177,180,182,178,167,147,121,94,90,83,52,101,,,,,,,,,,,,,,,,,
Northern,SB,Bank and Monument,London Bridge,,,,109,95,110,117,129,163,196,223,265,297,268,277,274,255,280,244,180,197,176,156,149,149,148,149,150,156,158,160,163,169,170,171,173,174,174,180,189,203,219,241,269,298,328,377,361,404,454,490,505,490,465,417,369,316,344,306,234,262,252,231,223,217,216,216,222,224,223,215,205,181,158,125,98,113,73,117,,,,,,,,,,,,,,,,,
Northern,SB,London Bridge,Borough,,,,,61,72,88,94,120,145,161,181,192,162,156,150,133,117,127,119,112,105,101,97,96,92,92,94,99,100,105,110,116,118,121,125,127,127,132,140,148,159,176,197,222,247,288,282,323,368,405,424,417,396,358,315,277,291,216,238,228,212,207,200,196,191,193,195,197,195,194,184,167,145,123,93,87,117,71,,,,,,,,,,,,,,,,,
Northern,SB,Borough,Elephant & Castle,,,,,59,70,85,91,115,138,153,162,171,169,134,124,113,97,109,103,84,97,95,90,89,87,87,89,94,96,100,105,111,112,116,119,121,122,127,136,144,155,173,195,220,236,273,321,311,353,404,424,422,398,366,325,282,250,269,203,225,217,205,198,194,189,191,192,195,192,191,181,164,143,118,91,114,77,69,,,,,,,,,,,,,,,,,
Northern,SB,Elephant & Castle,Kennington,,,,,52,59,94,74,92,112,127,138,152,155,125,117,108,89,77,85,80,74,73,74,73,73,73,78,82,85,89,96,99,103,105,110,111,115,119,131,138,151,166,191,215,234,264,312,300,338,385,410,411,389,360,321,278,245,262,199,219,212,199,194,189,186,185,187,188,184,179,172,155,136,114,89,83,74,66,,,,,,,,,,,,,,,,,
Northern,SB,Kennington,Nine Elms,,,6,9,15,43,43,115,60,109,86,100,112,84,112,112,103,91,83,111,71,91,65,90,67,93,67,93,68,92,66,93,70,98,72,100,74,101,74,107,83,122,95,146,113,179,126,143,162,181,197,216,209,205,185,164,144,122,106,135,88,118,82,114,82,106,75,103,75,101,70,91,58,67,35,39,61,18,10,8,,,,,,,,,,,,,,,,
Northern,SB,Nine Elms,Battersea Power Station,,,4,7,12,33,26,79,54,43,81,62,54,79,60,78,74,67,86,56,74,52,68,51,72,54,75,55,75,54,71,52,73,53,72,53,72,53,72,54,79,62,91,74,111,84,132,96,77,180,132,140,145,143,132,116,101,91,73,64,86,55,70,50,67,45,60,43,58,41,55,37,46,27,29,25,17,12,8,4,,,,,,,,,,,,,,,,
Northern,SB,Oval,Stockwell,,,,,47,52,87,60,77,98,97,110,140,120,111,104,86,62,71,64,56,64,61,59,58,58,59,61,65,69,73,80,85,89,91,97,100,103,109,120,130,143,161,188,214,244,293,289,265,342,350,421,384,409,347,345,271,271,242,208,263,239,213,209,209,211,217,226,234,243,247,196,182,191,128,119,94,82,55,134,,,,,,,,,,,,,,,,
Northern,SB,Stockwell,Clapham North,,,,,40,76,84,62,88,113,112,130,159,135,146,102,97,70,65,82,61,67,66,66,66,67,67,72,76,81,87,95,102,108,111,118,124,128,135,150,162,176,197,228,260,299,353,348,312,404,407,497,453,493,414,419,326,325,287,251,318,291,265,261,255,255,257,265,273,277,279,220,207,213,147,137,90,89,81,69,,,,,,,,,,,,,,,,
Northern,SB,Clapham North,Clapham Common,,,,,38,73,82,60,81,108,129,125,135,157,125,111,83,76,62,64,71,55,63,65,63,63,65,69,73,78,84,91,98,103,106,113,119,123,130,145,156,170,188,218,234,272,398,315,281,375,375,460,421,460,386,393,307,303,266,233,293,268,248,243,248,247,207,255,263,254,246,200,218,159,159,109,99,89,55,70,,,,,,,,,,,,,,,,
Northern,SB,Clapham Common,Clapham South,,,,,33,57,67,62,75,93,99,130,123,140,117,103,79,69,50,68,52,56,55,56,57,57,58,60,65,69,74,81,88,92,95,101,106,110,117,128,139,151,166,189,217,249,283,288,283,280,365,399,358,411,339,309,315,237,230,210,256,235,221,217,212,211,212,217,223,224,218,178,197,144,149,103,79,85,55,64,,,,,,,,,,,,,,,,
Northern,SB,Clapham South,Balham,,,,,54,49,63,55,57,104,87,100,130,110,122,96,71,65,46,61,47,50,50,50,52,52,52,54,59,62,66,72,78,82,86,90,96,100,104,112,123,133,147,166,191,221,251,253,251,245,318,343,311,353,293,265,273,203,196,177,219,201,188,187,183,180,180,184,189,195,194,154,145,159,131,76,88,83,50,45,,,,,,,,,,,,,,,,
Northern,SB,Balham,Tooting Bec,,,,,47,41,50,61,49,74,87,85,105,92,102,81,62,58,41,57,38,48,47,45,46,46,46,48,51,54,57,63,68,72,74,78,83,87,90,99,108,117,128,144,163,182,203,241,199,194,255,274,251,287,238,216,225,167,164,148,153,168,158,152,149,149,150,152,156,156,154,152,119,106,113,77,74,71,39,41,,,,,,,,,,,,,,,,
Northern,SB,Tooting Bec,Tooting Broadway,,,,,41,36,40,50,48,63,74,75,97,85,80,76,65,46,42,44,39,44,41,42,43,43,42,43,45,48,50,54,59,63,65,68,73,75,79,86,94,101,110,121,138,154,173,205,166,168,211,202,234,206,216,176,176,136,131,117,121,133,122,120,117,117,117,119,121,124,119,98,112,85,89,65,53,61,33,33,,,,,,,,,,,,,,,,
Northern,SB,Tooting Broadway,Colliers Wood,,,,,,24,26,33,31,39,45,42,44,50,38,34,30,21,20,21,19,23,23,23,24,25,25,26,28,30,31,34,37,39,41,44,47,50,53,58,64,69,75,83,95,106,120,141,113,114,139,131,150,132,137,112,111,86,82,74,76,84,77,76,74,73,73,73,74,77,76,62,60,56,57,42,40,31,27,24,41,,,,,,,,,,,,,,,
Northern,SB,Colliers Wood,South Wimbledon,,,,,,17,20,33,24,31,37,35,37,41,31,28,24,17,16,17,16,15,19,19,19,19,19,20,21,23,24,25,27,29,30,32,34,36,38,41,46,50,54,61,69,76,84,97,90,77,94,91,103,91,95,78,78,61,59,53,47,60,56,52,51,50,50,50,50,50,49,49,39,37,40,29,29,23,21,14,35,,,,,,,,,,,,,,,
Northern,SB,South Wimbledon,Morden,,,,,,10,19,21,14,17,20,18,22,18,17,19,13,12,9,9,13,10,12,12,12,13,13,14,15,16,17,18,20,21,22,23,25,27,28,30,34,37,40,45,51,57,65,72,69,65,62,73,67,73,61,63,50,43,44,38,34,44,41,38,37,36,36,35,36,35,35,34,28,33,25,23,24,16,17,12,27,,,,,,,,,,,,,,,
Piccadilly,EB,Uxbridge,Hillingdon,,2,,,,13,8,12,30,21,25,27,54,48,35,24,25,17,8,,19,12,15,,13,14,,20,13,19,,20,15,20,,21,15,22,,28,22,30,,34,28,39,,49,52,62,58,52,42,33,27,24,16,15,,5,7,8,,5,4,5,,4,4,4,3,,2,2,,2,1,1,,,,,,,,,,,,,,,,,,
Piccadilly,EB,Hillingdon,Ickenham,,3,,,,16,13,42,25,34,40,40,74,65,46,33,28,23,21,22,19,20,,20,15,20,,22,15,21,,22,16,22,,23,16,24,,30,25,33,,38,31,43,,55,57,68,55,57,,18,31,34,18,17,,6,8,10,,6,5,6,,5,3,4,,3,2,2,,2,1,1,,,,,,,,,,,,,,,,,,
Piccadilly,EB,Ickenham,Ruislip,,3,,,,20,31,24,28,39,44,43,79,69,49,35,30,26,24,25,21,21,,21,16,21,,23,16,22,,23,17,23,,23,17,24,,33,27,36,,42,32,44,,38,44,,56,29,,26,,17,,11,,8,8,10,,6,5,6,,5,4,4,,3,2,2,,2,1,1,,,,,,,,,,,,,,,,,,
Piccadilly,EB,Ruislip,Ruislip Manor,,5,,,,24,31,22,57,45,50,35,103,90,57,42,35,30,28,22,24,,22,16,24,,23,19,12,,23,17,24,,23,18,24,,28,23,34,,41,32,43,,51,39,57,,57,51,59,48,38,32,26,23,19,7,11,,7,5,7,,6,4,5,,4,3,3,,2,2,2,1,,,,,,,,,,,,,,,,,,
Piccadilly,EB,Ruislip Manor,Eastcote,,6,,,,,19,28,81,44,55,58,55,95,75,48,41,36,33,25,27,,26,19,27,,25,20,13,,24,17,25,,24,19,24,,28,23,35,,44,34,45,,52,41,59,,58,52,60,49,39,32,27,21,19,14,6,,10,5,7,,6,4,6,,4,3,3,,2,2,2,1,,,,,,,,,,,,,,,,,,
Piccadilly,EB,Eastcote,Rayners Lane,,,9,,,,52,26,113,65,73,76,71,122,89,64,,24,42,42,34,,31,22,32,,30,23,15,,27,20,27,,26,20,27,,20,25,,41,45,45,47,,55,44,63,,63,57,65,53,44,36,29,24,19,15,12,11,8,8,,7,7,7,6,,4,3,3,,2,1,,1,1,,,,,,,,,,,,,,,,,
Piccadilly,EB,Rayners Lane,South Harrow,,,28,16,64,81,36,47,96,75,82,89,85,115,101,85,67,63,51,42,75,36,53,33,60,31,55,33,29,30,48,29,53,29,47,30,51,28,47,31,61,36,63,44,84,47,80,53,102,56,57,65,58,52,44,36,56,24,39,17,28,15,25,12,20,10,16,8,14,7,11,6,10,9,5,5,,2,1,1,,,,,,,,,,,,,,,,
Piccadilly,EB,South Harrow,Sudbury Hill,,39,48,77,109,64,80,74,139,105,119,135,127,113,155,129,91,80,144,55,53,97,49,83,48,74,43,76,44,33,41,73,41,66,40,68,41,62,39,74,46,75,50,96,58,95,61,127,58,56,136,63,57,62,58,45,40,61,28,36,19,30,18,26,14,22,12,19,11,17,9,13,6,8,7,,4,2,2,1,,,,,,,,,,,,,,,,
Piccadilly,EB,Sudbury Hill,Sudbury Town,,54,69,121,163,97,120,105,183,138,152,154,148,198,173,149,132,110,96,80,69,115,58,100,56,91,51,93,52,42,49,89,48,81,47,85,49,81,48,91,53,89,55,107,62,101,63,118,59,114,68,63,62,60,56,43,38,58,27,36,19,31,18,29,15,24,13,19,10,16,8,12,5,6,6,,3,2,2,1,,,,,,,,,,,,,,,,
Piccadilly,EB,Sudbury Town,Alperton,,67,91,117,170,226,152,117,145,246,177,187,192,178,237,204,161,133,110,96,150,71,127,69,116,66,114,65,111,41,107,59,98,56,98,56,98,55,96,57,96,58,109,66,115,68,124,72,131,73,73,75,66,62,51,45,71,30,49,25,34,19,31,18,26,14,23,13,18,10,16,8,10,5,,5,2,3,2,1,,,,,,,,,,,,,,,,
Piccadilly,EB,Alperton,Park Royal,,83,119,162,223,296,171,150,268,201,212,236,221,204,271,234,187,158,131,114,182,86,156,83,143,79,138,77,134,49,132,71,121,67,120,66,118,65,115,66,119,70,136,79,141,79,143,81,138,75,158,74,44,132,59,48,44,36,62,28,42,22,39,21,34,18,28,15,23,12,20,10,13,6,,5,2,2,1,,0,,,,,,,,,,,,,,,
Piccadilly,EB,Park Royal,North Ealing,,52,,159,94,294,376,138,168,302,218,225,229,213,288,251,211,181,166,134,118,201,98,160,92,151,86,151,83,70,81,134,72,128,75,124,74,124,72,125,77,143,86,157,93,168,95,172,99,188,98,92,93,77,69,59,48,74,35,56,27,42,24,42,22,35,20,31,16,27,15,23,11,15,12,6,4,,2,1,1,,,,,,,,,,,,,,,
Piccadilly,EB,North Ealing,Ealing Common,,53,,162,191,149,383,154,172,311,223,228,231,213,287,250,213,185,171,138,123,209,102,167,95,159,90,158,87,74,85,142,76,135,78,130,76,129,63,140,149,80,164,100,172,99,166,102,203,108,100,109,95,80,71,61,50,77,36,58,27,43,25,43,22,36,20,32,17,27,15,23,11,15,12,6,4,,2,1,1,,,,,,,,,,,,,,,
Piccadilly,EB,Ealing Common,Acton Town,,,79,163,213,136,347,212,163,301,230,243,262,242,218,288,246,182,162,290,115,109,207,103,171,95,160,88,156,88,76,85,150,79,135,76,133,75,128,83,150,92,168,101,174,100,167,103,206,97,103,224,65,76,79,126,47,39,77,36,50,27,44,25,40,21,36,19,30,16,28,15,22,9,12,9,,2,1,1,1,,,,,,,,,,,,,,,
Piccadilly,EB,Heathrow Terminal 5,Heathrow Terminals 123,,16,26,33,35,40,24,55,32,71,39,80,39,74,38,73,37,72,37,73,37,75,39,76,37,74,37,78,42,90,49,99,52,114,64,131,67,131,62,108,51,99,50,99,51,102,54,107,53,104,51,95,45,85,42,77,36,72,38,76,39,80,40,79,37,76,44,85,41,79,36,48,19,24,8,,2,2,,,,,,,,,,,,,,,,,,
Piccadilly,EB,Heathrow Terminal 4,Heathrow Terminals 123,3,4,,12,12,10,22,16,29,20,38,23,37,20,31,18,25,16,27,15,24,14,21,14,24,14,22,13,21,15,28,20,38,26,45,29,49,30,49,30,48,27,41,23,34,21,34,21,33,19,30,20,34,22,38,25,40,24,39,23,35,22,36,21,34,18,26,15,22,12,20,9,11,5,3,4,1,,,,,,,,,,,,,,,,,,,
Piccadilly,EB,Heathrow Terminals 123,Hatton Cross,8,16,28,25,29,26,34,45,51,63,69,76,74,77,74,76,75,78,75,78,74,74,70,74,72,73,70,72,68,70,71,79,84,94,99,107,103,101,95,92,85,87,84,88,86,89,86,88,81,82,77,78,74,75,73,74,72,72,70,71,68,67,67,68,64,67,70,73,71,70,63,53,39,28,18,11,8,4,,,,,,,,,,,,,,,,,,
Piccadilly,EB,Hatton Cross,Hounslow West,,10,37,32,39,33,67,55,70,84,99,104,110,103,102,96,98,93,95,90,91,84,84,81,83,79,82,76,77,71,77,76,84,85,97,96,99,93,95,87,90,86,92,89,97,94,106,104,78,100,98,88,79,74,108,70,68,68,70,65,65,60,62,59,59,55,60,64,64,46,58,48,33,24,16,14,4,3,,,,,,,,,,,,,,,,,,
Piccadilly,EB,Hounslow West,Hounslow Central,,29,29,110,77,63,82,97,113,132,151,158,164,155,149,136,133,125,124,115,115,105,104,100,102,97,100,94,93,86,91,89,96,96,105,103,105,99,100,93,96,94,100,97,105,103,110,105,108,100,102,92,93,84,85,78,78,71,72,66,66,61,62,58,57,52,56,55,55,52,50,42,33,25,17,10,8,3,,,,,,,,,,,,,,,,,,
Piccadilly,EB,Hounslow Central,Hounslow East,,56,102,76,108,142,112,132,158,181,205,223,231,224,212,192,175,162,156,144,139,132,127,121,122,118,117,112,110,104,106,103,107,108,115,111,113,108,106,101,107,106,111,113,121,119,126,124,123,117,115,107,102,94,91,85,83,76,74,69,68,62,63,59,58,53,53,52,52,49,46,42,33,26,18,9,9,5,4,,,,,,,,,,,,,,,,,
Piccadilly,EB,Hounslow East,Osterley,,75,140,103,148,194,154,178,210,236,263,281,289,280,265,238,215,197,186,169,162,154,148,140,141,136,134,129,128,122,123,119,122,123,128,123,124,118,115,110,117,117,124,127,134,133,142,139,137,131,128,118,112,104,100,93,88,81,77,72,69,63,63,59,57,52,52,50,49,46,43,39,31,25,18,12,6,5,4,,,,,,,,,,,,,,,,,
Piccadilly,EB,Osterley,Boston Manor,,82,155,116,147,196,241,185,219,259,292,311,325,317,301,272,244,221,206,189,179,170,159,151,148,146,141,140,137,132,127,127,126,129,131,131,129,126,129,118,91,186,130,126,141,144,150,160,160,116,150,139,121,107,98,137,85,79,78,75,71,66,62,61,59,54,51,51,52,49,34,42,34,24,17,11,9,3,4,,,,,,,,,,,,,,,,,
Piccadilly,EB,Boston Manor,Northfields,,27,122,198,153,204,178,206,245,274,309,329,344,335,319,287,259,234,217,198,187,177,167,158,155,153,148,146,142,138,133,131,131,133,135,136,134,131,124,124,127,131,136,143,148,151,158,159,158,154,149,139,130,122,111,102,95,87,79,75,72,67,63,61,59,54,51,51,49,46,43,39,33,26,19,13,7,6,3,,,,,,,,,,,,,,,,,
Piccadilly,EB,Northfields,South Ealing,,58,44,214,148,198,263,210,250,230,350,386,404,405,286,262,229,207,186,169,153,147,181,130,125,124,160,120,115,149,144,108,105,106,142,109,107,106,136,83,103,85,108,93,116,96,124,136,133,107,130,123,106,95,86,105,72,66,85,61,55,53,65,48,45,43,51,39,37,35,44,32,27,22,22,12,27,14,5,,,,,,,,,,,,,,,,,
Piccadilly,EB,South Ealing,Acton Town,,63,70,93,158,444,190,229,288,253,388,428,450,453,320,292,254,226,202,174,164,208,145,131,141,175,128,128,130,160,155,109,111,149,113,109,117,147,108,108,91,106,92,122,99,128,111,138,134,135,129,124,115,111,100,94,83,102,66,62,57,54,67,47,46,58,40,40,39,36,45,32,27,22,22,16,14,14,7,,,,,,,,,,,,,,,,,
Piccadilly,EB,Acton Town,Turnham Green,,60,72,131,144,204,209,209,212,251,294,325,342,344,327,299,263,231,202,186,192,145,160,162,146,120,139,148,134,109,125,134,120,98,115,128,116,97,115,119,93,97,97,105,107,109,113,121,143,117,114,109,101,92,84,77,68,72,63,58,42,48,44,44,33,38,34,35,32,26,29,23,23,18,14,16,10,14,,,,,,,,,,,,,,,,,,
Piccadilly,EB,Turnham Green,Hammersmith,,54,105,68,184,188,199,203,212,250,291,321,345,344,332,305,270,236,209,186,157,170,162,158,120,146,146,145,110,133,131,131,97,118,121,125,94,117,116,117,91,96,101,103,104,108,112,116,144,120,115,112,104,93,84,80,69,72,65,60,41,48,46,45,33,39,37,36,26,31,29,27,18,20,15,13,10,,6,,,,,,,,,,,,,,,,,
Piccadilly,EB,Hammersmith,Barons Court,,,34,80,130,147,223,183,187,235,279,317,342,351,340,316,280,244,220,200,173,154,176,166,154,123,152,148,142,113,138,133,125,100,126,125,119,97,123,121,100,104,113,121,127,138,150,166,212,186,188,185,169,149,130,111,111,77,80,70,62,46,55,51,49,40,51,50,50,51,53,39,41,34,26,17,19,31,,,,,,,,,,,,,,,,,,
Piccadilly,EB,Barons Court,Earl's Court,,,72,56,135,160,240,199,204,256,306,345,372,381,370,340,302,261,233,203,177,193,184,142,169,167,165,131,158,155,151,117,137,134,135,107,130,130,129,108,134,117,122,132,140,148,169,181,197,247,212,201,192,170,149,125,104,105,89,61,69,62,49,52,52,49,52,43,54,54,52,47,41,28,27,24,15,32,,,,,,,,,,,,,,,,,,
Piccadilly,EB,Earl's Court,Gloucester Road,,,49,64,114,136,198,161,204,216,263,309,348,364,360,336,302,260,232,207,182,168,197,185,146,178,177,170,142,170,164,153,121,141,140,137,112,138,137,138,119,126,129,139,149,156,172,187,200,251,216,212,202,180,161,136,114,114,98,80,58,62,60,54,43,51,51,52,44,54,52,48,40,28,27,25,15,18,,,,,,,,,,,,,,,,,,
Piccadilly,EB,Gloucester Road,South Kensington,,,49,62,107,115,184,188,160,204,257,283,323,413,353,329,267,269,237,198,176,199,189,150,181,185,174,146,175,176,160,130,148,146,133,111,134,137,130,114,142,123,129,141,151,163,178,190,207,263,223,223,214,194,170,146,123,123,85,84,77,65,50,56,54,51,40,51,53,51,51,48,35,34,28,20,17,20,,,,,,,,,,,,,,,,,,
Piccadilly,EB,South Kensington,Knightsbridge,,,50,62,106,104,168,226,142,181,226,263,302,320,323,312,285,247,222,199,176,160,189,183,148,177,186,186,157,187,189,178,142,161,163,159,136,163,170,172,148,155,167,177,190,203,211,234,301,263,269,273,251,228,196,171,172,120,123,111,79,85,82,73,58,64,68,68,60,73,72,63,54,42,34,26,23,18,,,,,,,,,,,,,,,,,,
Piccadilly,EB,Knightsbridge,Hyde Park Corner,,,,47,89,91,154,215,134,170,213,247,282,306,310,302,278,243,217,196,175,157,189,183,154,182,199,194,170,199,210,196,164,186,197,190,168,198,216,209,185,227,208,218,239,253,275,292,314,399,345,343,333,306,276,247,213,180,191,166,118,126,129,125,102,114,118,107,85,96,95,84,77,61,43,41,36,28,,,,,,,,,,,,,,,,,,
Piccadilly,EB,Hyde Park Corner,Green Park,,,,46,86,88,137,194,148,156,195,233,269,293,300,297,276,243,215,196,174,163,188,156,184,191,192,165,203,210,205,169,198,198,192,162,201,210,212,186,236,204,217,235,249,264,289,306,329,417,360,357,346,317,286,250,214,224,193,141,151,141,131,111,129,126,120,97,110,103,97,96,85,58,59,48,39,34,64,,,,,,,,,,,,,,,,,
Piccadilly,EB,Green Park,Piccadilly Circus,,,,30,60,106,104,110,146,120,146,176,208,229,240,242,230,205,182,168,154,140,134,162,167,166,142,179,189,185,153,185,188,178,146,181,191,187,160,205,214,181,195,212,226,242,262,277,298,377,324,323,315,292,264,233,204,212,149,156,144,123,96,113,114,103,84,101,100,92,96,94,70,72,62,47,33,29,74,,,,,,,,,,,,,,,,,
Piccadilly,EB,Piccadilly Circus,Leicester Square,,,,55,35,80,90,121,95,98,123,145,163,181,226,189,186,173,134,146,130,112,136,135,111,138,149,149,126,154,161,156,127,154,160,158,134,166,178,176,154,196,176,186,204,219,236,251,271,343,295,297,291,267,245,221,191,165,178,157,115,132,125,99,119,116,117,122,105,123,123,113,101,83,57,56,52,26,82,,,,,,,,,,,,,,,,,
Piccadilly,EB,Leicester Square,Covent Garden,,,,61,53,52,78,109,102,85,107,131,153,171,177,177,168,151,134,126,112,106,123,100,124,128,106,129,137,134,112,135,140,137,116,142,152,152,133,170,179,152,164,171,183,238,214,239,259,275,345,294,280,265,242,220,189,170,185,140,156,151,118,142,149,145,129,168,174,170,168,157,135,93,92,74,53,45,57,,,,,,,,,,,,,,,,,
Piccadilly,EB,Covent Garden,Holborn,,,,58,42,49,108,75,94,81,99,114,134,180,153,153,148,135,118,95,98,89,103,102,83,102,108,105,90,109,116,114,97,119,130,131,114,143,159,160,140,177,159,170,187,203,221,235,257,325,283,287,285,259,237,217,190,169,194,182,140,166,170,167,144,181,206,218,187,221,210,178,153,125,86,82,64,49,61,,,,,,,,,,,,,,,,,
Piccadilly,EB,Holborn,Russell Square,,,,44,40,59,57,82,78,63,77,90,99,106,105,103,96,86,79,78,73,73,88,73,90,93,76,93,96,100,102,87,109,117,117,103,130,143,146,129,165,176,154,174,194,213,237,269,285,305,385,328,314,298,272,248,216,198,218,170,196,191,151,181,192,194,172,222,232,224,210,192,164,111,106,87,64,54,46,,,,,,,,,,,,,,,,,
Piccadilly,EB,Russell Square,King's Cross St. Pancras,,,,41,35,53,50,67,61,58,58,67,75,82,83,82,77,71,65,63,62,61,59,75,75,63,78,85,85,74,92,102,102,90,111,123,124,110,139,158,164,147,162,176,191,254,236,268,291,313,394,336,323,309,284,257,231,206,187,216,202,158,185,193,186,162,203,226,227,188,211,192,155,130,105,70,67,77,34,,,,,,,,,,,,,,,,,
Piccadilly,EB,King's Cross St. Pancras,Caledonian Road,,,,37,55,29,64,56,50,48,46,50,57,61,61,59,56,51,46,46,46,44,45,54,45,53,56,57,50,63,67,75,81,70,90,101,103,90,114,130,135,121,134,152,157,176,239,229,250,282,358,309,301,287,263,241,217,193,179,200,156,174,177,170,140,171,182,183,156,188,183,162,146,128,89,87,71,59,38,,,,,,,,,,,,,,,,,
Piccadilly,EB,Caledonian Road,Holloway Road,,,,,23,36,33,43,54,38,37,42,47,50,50,49,47,43,40,40,41,40,40,49,40,48,51,52,46,57,61,67,73,64,82,92,95,82,106,120,123,108,143,133,147,166,189,218,241,263,336,289,284,272,248,226,204,178,164,183,143,160,162,154,129,155,165,167,145,171,168,152,135,120,103,70,69,65,40,96,,,,,,,,,,,,,,,,
Piccadilly,EB,Holloway Road,Arsenal,,,,,18,28,44,38,35,34,32,34,45,39,39,37,34,29,26,24,24,25,25,27,33,36,37,34,44,49,52,48,61,67,69,61,78,87,92,84,114,122,110,123,141,154,177,203,224,234,298,306,250,241,234,213,161,169,179,134,150,151,141,118,139,147,145,127,158,162,154,120,130,112,95,78,53,60,42,89,,,,,,,,,,,,,,,,
Piccadilly,EB,Arsenal,Finsbury Park,,,,,18,28,41,34,44,32,31,34,38,39,40,37,34,29,25,23,23,22,22,30,31,27,34,40,42,37,48,56,58,51,64,72,74,66,85,100,104,95,124,117,129,147,165,191,210,229,290,250,244,235,214,195,175,154,140,156,121,136,136,132,108,132,140,143,123,147,144,131,118,105,92,64,65,62,32,96,,,,,,,,,,,,,,,,
Piccadilly,EB,Finsbury Park,Manor House,,,,,45,36,36,49,63,58,44,52,56,58,56,53,46,40,35,33,33,34,33,35,44,47,49,44,57,63,65,60,77,86,86,78,97,108,112,104,138,153,136,149,167,226,209,244,289,312,329,411,335,308,284,256,227,203,175,162,180,172,158,133,154,159,151,132,162,164,155,159,144,105,109,92,68,53,45,56,,,,,,,,,,,,,,,,
Piccadilly,EB,Manor House,Turnpike Lane,,,,,43,30,30,70,60,43,43,48,50,63,50,47,43,38,32,30,30,31,30,31,41,42,36,46,52,54,48,62,70,72,64,81,89,92,83,107,120,128,117,134,151,162,183,252,241,263,286,352,291,268,247,219,196,172,149,134,155,142,109,130,132,125,104,127,137,133,110,130,121,101,90,74,49,59,40,31,,,,,,,,,,,,,,,,
Piccadilly,EB,Turnpike Lane,Wood Green,,,,,27,26,39,38,48,46,43,42,46,48,47,43,38,32,28,25,25,24,24,23,31,31,27,34,38,40,43,38,51,55,57,50,65,71,74,66,88,94,100,95,108,121,138,156,180,196,210,258,216,200,184,164,147,128,112,98,113,103,79,91,95,86,74,88,97,92,78,90,85,72,63,53,43,35,31,20,,,,,,,,,,,,,,,,
Piccadilly,EB,Wood Green,Bounds Green,,,,,19,28,23,36,35,32,26,29,31,36,29,26,23,19,16,14,14,14,15,16,20,17,22,24,25,22,28,30,34,36,31,42,46,48,42,55,60,63,58,68,73,83,112,106,116,133,138,175,145,141,128,117,102,93,77,71,78,60,64,65,62,50,58,61,62,52,62,62,57,51,44,31,29,23,19,12,,,,,,,,,,,,,,,,
Piccadilly,EB,Bounds Green,Arnos Grove,,,,,,12,20,28,26,33,24,23,26,26,24,22,18,15,12,11,11,11,11,12,15,13,16,19,19,17,21,25,25,23,28,34,33,30,37,43,43,40,52,47,50,71,65,75,83,94,98,126,103,104,93,87,76,68,56,53,55,42,45,48,42,36,40,44,43,36,41,42,38,35,31,23,21,16,13,9,21,,,,,,,,,,,,,,,
Piccadilly,EB,Arnos Grove,Southgate,,,,,,7,10,37,51,23,29,22,29,25,30,23,24,17,17,12,14,12,14,11,15,21,13,22,19,26,17,28,24,34,27,28,32,45,36,37,42,58,48,51,49,65,60,81,74,98,84,105,111,106,83,98,73,62,56,57,53,63,35,55,42,37,37,47,37,49,30,47,29,41,23,24,16,12,11,9,16,,,,,,,,,,,,,,,
Piccadilly,EB,Southgate,Oakwood,,,,,,9,7,12,35,15,20,17,14,16,12,11,9,7,5,5,6,7,5,7,7,7,8,11,9,10,11,16,12,13,18,15,15,16,24,20,20,23,33,26,23,32,29,38,35,46,40,51,52,41,49,37,42,31,26,23,35,23,21,27,20,18,19,24,19,19,19,19,19,23,12,11,12,7,5,6,11,,,,,,,,,,,,,,,
Piccadilly,EB,Oakwood,Cockfosters,,,,,,3,4,11,8,10,8,6,5,6,4,4,4,2,3,2,2,3,3,2,3,4,3,4,5,5,5,5,7,5,7,5,8,7,9,6,10,9,12,8,11,11,13,12,21,14,18,16,19,16,19,15,17,12,11,12,10,9,8,7,9,6,6,6,9,7,7,7,7,6,8,7,5,5,4,7,2,,,,,,,,,,,,,,,
Piccadilly,WB,Cockfosters,Oakwood,7,11,8,7,17,13,17,19,17,26,21,18,23,18,20,14,14,11,11,8,9,9,8,8,10,6,9,8,10,6,9,7,8,5,8,7,8,5,8,7,8,5,10,11,8,7,9,7,9,7,8,6,6,5,5,3,4,3,3,3,2,2,2,2,2,1,2,2,2,1,2,2,1,1,1,1,,,,,,,,,,,,,,,,,,,,
Piccadilly,WB,Oakwood,Southgate,19,25,13,26,23,19,29,29,41,34,55,49,62,50,56,41,44,31,33,23,25,23,22,20,21,26,16,23,20,23,14,21,18,20,12,18,16,18,12,23,20,20,23,18,18,21,18,20,18,20,17,18,14,14,11,11,11,9,6,9,6,7,4,6,5,4,4,5,4,4,3,3,3,2,2,1,,,,,,,,,,,,,,,,,,,,
Piccadilly,WB,Southgate,Arnos Grove,24,46,36,31,46,47,46,72,90,68,96,127,105,123,97,101,74,75,56,55,41,44,43,52,40,37,39,50,37,34,35,45,33,31,31,40,28,27,28,40,33,33,29,37,30,37,32,41,34,41,33,38,28,30,21,23,20,14,15,13,15,10,9,11,8,8,8,10,7,7,8,6,6,5,4,2,4,,,,,,,,,,,,,,,,,,,
Piccadilly,WB,Arnos Grove,Bounds Green,,29,30,36,65,53,66,80,93,92,103,115,119,121,113,105,89,78,67,58,47,43,49,48,36,45,45,43,34,43,40,32,36,36,34,34,26,31,31,32,27,35,31,33,33,35,36,38,38,39,37,36,38,29,25,22,18,16,16,14,9,10,10,9,7,8,8,8,6,7,6,6,7,5,4,3,5,,,,,,,,,,,,,,,,,,,
Piccadilly,WB,Bounds Green,Wood Green,,34,43,65,68,89,92,109,127,122,139,157,165,170,165,157,135,118,100,87,72,65,59,69,63,61,61,50,57,57,54,43,51,50,48,38,44,43,42,35,44,45,39,41,43,44,47,49,51,51,51,48,53,39,35,30,26,22,22,15,16,14,13,10,11,11,10,8,9,9,8,7,7,8,7,5,4,,,,,,,,,,,,,,,,,,,
Piccadilly,WB,Wood Green,Turnpike Lane,,56,102,107,113,159,152,150,199,182,196,219,229,238,236,222,197,168,144,122,105,91,86,97,93,85,71,83,83,77,64,74,75,69,57,67,67,61,52,63,65,66,59,62,65,67,72,76,79,78,78,73,81,60,55,47,40,34,29,29,26,22,17,20,19,18,18,15,17,16,14,13,13,11,12,8,7,,,,,,,,,,,,,,,,,,,
Piccadilly,WB,Turnpike Lane,Manor House,,155,98,148,159,205,207,239,221,241,266,290,306,318,316,300,265,226,194,164,137,120,134,130,120,97,113,114,106,86,102,102,96,77,90,92,86,69,83,87,83,70,89,79,79,85,91,97,99,101,99,97,108,83,74,67,56,47,40,41,35,26,28,27,24,20,23,24,22,18,19,17,17,19,16,12,8,,,,,,,,,,,,,,,,,,,
Piccadilly,WB,Manor House,Finsbury Park,,138,142,149,162,216,214,249,285,259,286,325,350,366,371,365,329,285,242,209,175,152,137,162,148,114,131,134,123,101,117,120,111,91,104,108,100,81,95,101,96,82,102,91,91,96,102,110,113,116,114,113,128,99,89,82,68,57,49,50,42,31,34,32,29,24,28,28,27,25,19,21,23,18,20,15,9,,,,,,,,,,,,,,,,,,,
Piccadilly,WB,Finsbury Park,Arsenal,,,66,107,161,151,155,192,224,212,236,264,279,285,283,277,255,227,201,177,151,130,116,136,126,97,113,113,105,84,98,98,91,73,84,85,79,63,74,78,74,62,77,68,71,75,81,88,93,94,97,93,89,97,75,65,57,46,39,39,32,23,26,24,22,17,21,21,20,16,19,17,14,20,17,12,9,16,,,,,,,,,,,,,,,,,,
Piccadilly,WB,Arsenal,Holloway Road,,,67,110,152,145,200,199,195,231,260,285,306,313,312,304,277,244,215,188,157,138,148,116,129,127,119,97,112,111,104,84,98,97,90,72,84,84,79,66,79,79,79,69,74,78,84,91,97,98,102,99,95,104,80,69,61,50,42,34,34,30,26,20,23,22,21,18,21,20,18,14,18,16,17,13,9,16,,,,,,,,,,,,,,,,,,
Piccadilly,WB,Holloway Road,Caledonian Road,,,105,103,118,207,161,198,241,232,265,301,330,341,343,334,310,270,236,206,178,149,134,158,149,113,133,137,129,103,121,125,116,91,105,107,98,78,93,99,97,82,103,90,95,99,108,115,122,121,123,118,112,121,93,80,69,56,47,48,40,29,32,31,28,22,26,27,25,19,22,20,17,25,16,16,12,19,,,,,,,,,,,,,,,,,,
Piccadilly,WB,Caledonian Road,King's Cross St. Pancras,,,90,105,151,148,195,199,238,234,271,310,347,363,369,363,342,299,260,228,199,172,153,145,167,156,145,121,142,142,133,110,127,125,115,94,108,107,103,88,107,109,111,97,104,111,119,129,137,139,140,137,130,142,107,94,80,67,55,46,46,41,37,29,33,32,30,26,29,28,25,20,25,22,24,20,13,13,,,,,,,,,,,,,,,,,,
Piccadilly,WB,King's Cross St. Pancras,Russell Square,,,69,126,125,125,172,180,219,222,259,305,343,370,377,376,356,319,278,250,223,194,188,223,178,204,209,200,161,189,190,177,141,162,164,155,125,147,151,145,120,149,155,132,140,148,157,169,180,188,194,192,185,206,157,141,123,104,88,73,71,64,57,44,48,46,45,44,36,42,41,35,32,35,28,29,20,18,,,,,,,,,,,,,,,,,,
Piccadilly,WB,Russell Square,Holborn,,,138,83,122,126,166,164,197,238,231,271,314,343,353,355,341,309,272,244,220,197,181,177,205,204,196,164,193,194,184,149,170,168,161,130,153,157,153,128,155,161,165,146,155,167,179,193,206,215,221,217,209,234,180,161,142,121,102,86,89,78,59,66,64,57,46,54,54,49,40,43,38,38,42,34,24,15,,,,,,,,,,,,,,,,,,
Piccadilly,WB,Holborn,Covent Garden,,,138,72,107,143,138,146,178,167,191,262,243,258,268,263,249,222,202,187,153,165,158,192,192,157,191,204,195,158,186,188,171,137,163,166,157,130,160,166,165,138,177,188,162,174,190,205,221,233,244,252,239,223,247,186,157,139,119,104,105,77,86,82,73,57,67,66,61,49,56,53,45,39,54,45,30,20,,,,,,,,,,,,,,,,,,
Piccadilly,WB,Covent Garden,Leicester Square,,,111,105,102,99,130,130,155,182,175,190,218,276,232,231,225,170,176,163,148,138,137,165,137,160,168,167,139,164,169,160,128,150,157,151,126,152,164,160,136,171,185,158,168,181,191,204,218,230,239,238,234,264,205,187,168,145,128,113,118,112,108,85,99,108,109,93,110,109,90,66,84,55,53,62,40,24,,,,,,,,,,,,,,,,,,
Piccadilly,WB,Leicester Square,Piccadilly Circus,,,,68,101,149,136,137,167,196,188,215,245,257,257,245,224,194,169,156,147,142,133,140,166,136,158,172,165,137,162,169,157,128,154,165,160,135,168,183,178,151,195,209,178,190,206,223,235,246,257,264,250,240,267,205,179,164,144,136,145,115,134,138,129,116,147,167,165,137,152,136,104,85,116,92,64,44,83,,,,,,,,,,,,,,,,,
Piccadilly,WB,Piccadilly Circus,Green Park,,,,69,99,145,127,127,154,184,178,199,232,296,248,237,227,195,144,155,145,134,132,160,133,157,164,164,138,165,168,163,134,159,164,165,141,172,185,188,160,203,220,191,203,213,226,231,245,311,273,281,280,275,308,204,210,193,168,154,170,170,167,136,166,182,187,170,216,222,202,150,149,150,112,117,86,58,104,,,,,,,,,,,,,,,,,
Piccadilly,WB,Green Park,Hyde Park Corner,,,,82,111,160,186,140,171,207,201,236,274,290,293,281,257,219,190,174,164,157,150,157,187,156,184,198,194,162,193,197,187,154,185,197,197,168,206,221,222,189,240,260,227,242,262,284,302,318,332,344,332,316,352,270,238,219,197,185,203,159,182,183,177,153,190,213,219,185,215,202,165,134,133,138,96,66,124,,,,,,,,,,,,,,,,,
Piccadilly,WB,Hyde Park Corner,Knightsbridge,,,,102,106,144,129,158,158,184,184,218,253,272,276,265,244,210,181,165,156,148,147,147,148,177,184,181,157,186,193,182,152,176,185,180,157,191,197,205,215,184,236,256,224,240,259,281,300,318,330,343,331,316,352,272,240,223,206,187,172,195,190,178,149,182,199,203,181,224,225,197,145,176,142,138,111,75,78,,,,,,,,,,,,,,,,,
Piccadilly,WB,Knightsbridge,South Kensington,,,,95,91,120,101,120,120,141,142,162,189,247,207,196,189,160,116,123,117,106,103,103,124,126,126,105,127,127,126,106,132,138,143,124,155,163,166,144,181,192,195,177,233,212,228,257,280,299,315,325,319,307,346,266,241,223,204,187,173,200,190,155,184,195,196,174,225,230,181,207,182,142,144,155,114,77,81,,,,,,,,,,,,,,,,,
Piccadilly,WB,South Kensington,Gloucester Road,,,,172,83,106,90,105,101,117,114,137,194,175,176,170,151,127,104,76,81,74,66,65,79,83,85,75,93,97,95,84,106,114,115,104,131,141,143,127,160,176,178,170,226,206,225,258,278,301,321,330,321,308,341,262,233,215,197,183,168,199,187,151,180,189,187,165,220,224,176,205,182,140,142,154,118,85,60,,,,,,,,,,,,,,,,,
Piccadilly,WB,Gloucester Road,Earl's Court,,,,182,79,107,115,97,92,113,110,133,151,167,201,161,146,126,86,87,76,68,64,66,80,68,84,90,91,77,94,102,105,91,114,126,128,111,140,153,155,137,180,206,180,197,267,248,267,295,320,330,331,312,292,316,242,213,169,187,208,158,179,185,177,147,182,197,202,173,212,199,147,182,118,151,124,84,59,,,,,,,,,,,,,,,,,
Piccadilly,WB,Earl's Court,Barons Court,,,,199,88,120,128,106,94,114,130,128,153,171,171,165,148,123,96,84,72,66,64,66,63,79,82,69,82,87,87,77,95,102,104,93,113,123,127,114,141,159,165,161,224,209,234,267,285,301,323,329,317,306,337,249,221,200,174,160,144,161,153,125,143,146,145,125,151,161,157,130,140,127,127,106,110,82,50,,,,,,,,,,,,,,,,,
Piccadilly,WB,Barons Court,Hammersmith,,,,,81,109,146,108,96,107,122,110,127,136,140,163,126,90,91,76,68,63,63,61,63,74,78,66,84,85,88,75,95,99,103,90,115,118,129,136,120,150,169,189,181,196,224,298,268,279,302,308,304,287,269,290,215,192,174,133,142,161,144,116,137,137,132,114,139,146,142,117,132,115,95,133,105,77,56,104,,,,,,,,,,,,,,,,
Piccadilly,WB,Hammersmith,Turnham Green,,13,121,178,81,104,75,92,100,89,97,86,87,88,80,70,62,51,44,40,41,40,44,44,50,59,53,64,71,69,63,76,84,83,75,91,103,104,98,122,131,145,167,153,213,201,219,233,258,329,287,292,292,270,245,267,193,144,150,136,124,139,110,125,124,113,96,113,121,118,100,115,115,98,87,93,101,72,51,96,,,,,,,,,,,,,,,,
Piccadilly,WB,Turnham Green,Acton Town,,,51,185,123,105,97,80,101,91,94,87,88,86,81,90,61,45,46,41,39,41,41,45,47,60,51,66,68,71,60,77,81,84,72,93,99,104,93,123,129,144,161,152,209,188,205,277,253,270,293,302,295,274,251,268,195,171,157,117,130,143,111,122,125,115,96,113,114,111,114,107,87,97,83,88,102,77,51,54,,,,,,,,,,,,,,,,
Piccadilly,WB,Acton Town,Ealing Common,,5,12,16,15,42,31,39,50,57,68,78,88,90,89,81,66,54,84,24,59,32,52,32,59,35,62,39,75,45,81,50,93,55,101,64,122,76,142,92,177,112,219,152,339,204,220,259,266,282,295,301,293,277,252,220,181,167,276,130,230,120,189,105,175,93,157,92,162,89,159,88,149,73,114,57,91,37,24,38,,,,,,,,,,,,,,,,
Piccadilly,WB,Ealing Common,North Ealing,,6,9,17,31,21,26,42,104,40,72,87,91,91,89,75,65,100,42,33,35,64,29,28,65,59,31,68,41,78,45,86,51,94,57,110,67,128,79,159,97,187,122,257,161,355,212,226,257,268,286,290,290,275,254,234,198,120,298,127,223,208,92,181,96,158,86,154,87,146,83,164,79,62,127,105,39,32,55,36,18,,,,,,,,,,,,,,,
Piccadilly,WB,North Ealing,Park Royal,,6,9,17,31,21,26,36,91,59,70,56,84,87,157,70,61,55,45,37,34,53,28,54,31,57,34,67,40,77,45,85,51,93,56,109,66,125,77,164,100,193,124,263,159,349,209,221,250,260,278,282,281,267,246,214,191,158,145,247,121,201,106,174,92,152,83,148,84,140,80,143,75,118,60,91,44,60,26,34,25,,,,,,,,,,,,,,,
Piccadilly,WB,Park Royal,Alperton,,5,,6,19,36,21,20,77,46,60,71,47,71,137,55,42,42,70,20,28,54,25,48,27,51,27,61,73,35,36,87,93,42,44,109,121,57,61,163,181,88,95,264,300,165,199,231,238,247,265,268,265,253,233,202,179,146,120,223,217,90,85,181,166,69,67,153,127,63,128,72,134,65,54,98,40,55,24,31,23,,,,,,,,,,,,,,,
Piccadilly,WB,Alperton,Sudbury Town,,,10,14,11,28,19,24,31,37,45,55,60,61,60,55,42,35,58,26,20,24,42,23,40,26,47,28,49,33,60,36,63,42,77,47,86,56,107,69,126,82,160,109,207,131,284,165,171,197,204,212,214,205,193,177,153,137,114,104,171,84,137,73,116,65,106,60,98,57,99,55,86,49,76,37,55,28,35,14,17,,,,,,,,,,,,,,,
Piccadilly,WB,Sudbury Town,Sudbury Hill,,,12,16,12,25,20,38,16,59,47,54,43,67,67,50,41,70,29,26,25,23,41,22,38,22,45,53,23,26,61,65,28,32,75,82,37,42,104,93,53,118,73,138,98,220,130,140,166,168,174,181,181,171,161,146,125,111,93,74,139,125,56,118,58,48,100,101,41,44,92,77,34,78,33,29,54,22,28,11,13,,,,,,,,,,,,,,,
Piccadilly,WB,Sudbury Hill,South Harrow,,,8,19,22,16,37,24,27,34,40,52,60,64,62,60,51,39,34,56,16,40,22,34,22,42,24,40,26,51,29,50,30,58,33,58,38,76,45,81,52,101,61,113,80,178,103,110,131,131,136,141,141,133,125,112,95,78,72,113,53,98,50,79,46,78,39,65,38,68,35,59,33,61,25,20,41,32,10,8,13,,,,,,,,,,,,,,,
Piccadilly,WB,South Harrow,Rayners Lane,,,10,17,13,35,20,25,29,22,36,45,51,54,51,50,41,34,60,25,14,39,39,14,17,37,33,17,41,22,39,23,44,24,41,25,53,30,54,33,72,39,67,46,102,59,129,80,85,91,91,94,93,88,81,76,70,57,35,79,33,59,49,21,47,23,37,23,44,24,40,22,40,19,27,14,21,8,4,7,5,3,,,,,,,,,,,,,,
Piccadilly,WB,Rayners Lane,Eastcote,,,,6,10,8,21,14,17,13,46,53,59,63,61,58,52,42,34,30,25,22,17,19,,22,17,23,,25,20,25,,26,19,26,,30,24,32,,41,33,49,,61,51,66,,87,45,108,109,72,81,,32,57,57,36,,31,23,28,,23,16,20,,23,19,23,,22,15,15,,,,,,1,,,,,,,,,,,,,,
Piccadilly,WB,Eastcote,Ruislip Manor,,,,,10,5,23,15,16,19,23,52,60,62,61,59,53,38,35,,13,18,23,,21,16,22,,24,18,25,,25,18,24,,25,19,26,,33,25,34,,49,37,49,,53,52,67,69,71,69,66,61,61,48,21,,34,19,24,,20,14,18,,16,12,18,,18,13,17,,8,,,,,1,,,,,,,,,,,,,,
Piccadilly,WB,Ruislip Manor,Ruislip,,,,,10,7,11,24,12,40,16,53,65,63,53,59,,19,36,,13,19,24,,22,16,22,,24,18,25,,24,18,23,,24,18,23,,33,26,34,,44,32,43,,45,43,56,57,58,57,54,51,47,40,35,32,28,20,20,,16,11,14,,13,10,15,,14,10,14,,6,,,,,1,,,,,,,,,,,,,,
Piccadilly,WB,Ruislip,Ickenham,,,,,10,6,9,24,14,15,18,57,50,36,,37,,28,,42,13,27,24,,22,17,23,,25,19,25,,24,18,23,,23,17,22,,30,24,31,,28,28,,38,37,47,47,48,48,48,45,42,39,33,29,27,23,17,17,,14,10,12,,11,8,12,,10,9,,8,6,,,,,1,,,,,,,,,,,,,,
Piccadilly,WB,Ickenham,Hillingdon,,,,,9,6,9,22,13,13,16,40,47,56,62,61,60,55,45,42,34,13,,25,16,21,,23,18,24,,24,18,24,,21,16,22,,25,20,30,,35,26,35,,34,33,42,42,43,43,42,39,37,35,29,26,23,17,15,,13,9,12,,10,7,10,,10,8,11,,7,5,,,,,1,,,,,,,,,,,,,,
Piccadilly,WB,Hillingdon,Uxbridge,,,,,8,5,7,19,11,11,14,35,42,51,58,58,58,54,44,42,33,13,,24,15,21,,17,17,,24,18,22,,21,14,19,,18,13,22,,26,22,29,,26,27,33,32,31,31,30,30,28,26,24,20,18,16,11,10,,8,7,,9,6,8,,7,5,6,,6,4,4,,,,,1,,,,,,,,,,,,,,
Piccadilly,WB,Acton Town,South Ealing,26,49,110,91,259,105,114,90,186,121,127,138,111,107,105,91,83,67,46,53,43,53,42,53,46,86,64,63,72,101,72,72,81,116,84,83,93,126,104,143,99,172,153,196,140,256,205,215,254,269,283,301,302,277,257,301,205,169,125,135,101,110,115,135,78,122,94,111,71,117,88,111,83,73,92,76,87,159,123,24,,,,,,,,,,,,,,,,
Piccadilly,WB,South Ealing,Northfields,28,35,114,186,131,96,120,112,110,168,133,135,104,108,100,87,76,53,56,50,47,36,47,41,58,47,87,68,68,66,96,71,77,76,110,81,88,90,134,104,116,121,181,143,163,180,189,205,233,243,255,363,259,254,226,208,243,170,113,135,93,87,136,93,89,84,108,79,78,78,98,72,89,65,81,54,87,150,111,33,48,,,,,,,,,,,,,,,
Piccadilly,WB,Northfields,Boston Manor,32,,29,88,118,92,108,131,113,118,119,129,129,133,123,116,97,82,65,62,63,64,46,71,105,56,113,62,120,92,82,69,137,102,93,78,155,120,112,97,202,151,150,172,192,211,174,257,287,302,322,324,306,285,393,241,211,150,171,153,191,128,113,82,154,105,87,67,133,89,81,85,81,59,100,92,150,65,98,75,43,,,,,,,,,,,,,,,
Piccadilly,WB,Boston Manor,Osterley,34,,31,89,119,92,108,129,110,115,115,125,117,117,170,104,91,83,53,62,60,61,59,49,101,77,73,81,81,86,82,90,88,95,92,100,99,112,112,126,131,147,150,166,170,188,200,225,248,280,295,307,307,291,267,237,207,178,161,136,132,188,88,104,105,96,88,83,82,82,79,75,73,71,61,84,147,60,92,71,41,,,,,,,,,,,,,,,
Piccadilly,WB,Osterley,Hounslow East,6,23,33,48,75,138,100,116,114,107,112,114,120,113,112,99,89,69,64,57,42,58,59,57,94,66,70,75,85,79,63,123,93,84,69,135,104,96,82,168,129,127,143,148,171,180,148,198,225,352,252,260,279,265,258,226,152,173,148,123,177,105,74,143,94,81,60,112,75,68,70,67,65,60,59,76,71,124,52,64,50,,,,,,,,,,,,,,,1
Piccadilly,WB,Hounslow East,Hounslow Central,12,60,27,51,116,92,99,113,109,101,104,103,109,101,94,89,122,47,58,54,50,48,56,55,64,65,73,71,80,76,81,78,85,81,85,82,90,88,96,97,111,111,122,124,137,135,151,161,183,193,215,215,219,205,192,167,150,125,114,102,92,85,82,71,66,63,59,54,54,52,51,49,47,44,38,55,103,45,38,61,36,,,,,,,,,,,,,,,2
Piccadilly,WB,Hounslow Central,Hounslow West,37,37,32,53,106,134,99,111,78,103,137,94,87,71,126,83,69,63,39,47,45,43,51,51,53,62,106,52,78,83,80,77,83,76,80,75,82,78,85,84,85,89,154,103,86,121,128,121,130,210,152,154,160,160,142,130,111,101,87,60,70,66,57,49,45,43,40,36,33,32,51,32,23,32,28,36,62,27,49,40,12,,,,,,,,,,,,,,,3
Piccadilly,WB,Hounslow West,Hatton Cross,21,40,57,58,73,140,94,106,102,100,88,96,87,91,80,79,64,59,44,43,38,45,43,54,53,65,64,75,71,81,76,82,76,81,72,76,68,75,69,77,73,83,79,89,87,98,102,78,104,174,115,115,116,116,100,92,76,67,54,51,43,40,36,33,28,26,23,22,19,19,19,19,17,17,15,13,33,15,24,19,6,,,,,,,,,,,,,,,4
Piccadilly,WB,Hatton Cross,Heathrow Terminal 4,,10,16,17,15,41,43,25,55,25,41,22,35,17,27,13,19,9,13,7,12,7,18,10,12,28,15,36,38,22,46,27,49,27,46,24,37,20,34,18,30,17,33,20,37,23,50,25,26,56,27,58,59,30,57,29,51,24,21,38,15,23,21,9,17,9,14,7,10,6,11,6,11,7,11,5,,,,,,,,,,,,,,,,,,,,3
Piccadilly,WB,Hatton Cross,Heathrow Terminals 123,55,92,106,59,189,205,113,238,139,204,109,185,106,177,96,166,85,129,65,103,58,104,66,126,79,152,94,171,103,189,109,189,110,185,100,167,94,160,91,160,93,168,97,173,102,205,102,111,234,120,226,114,209,197,85,150,72,112,48,37,71,55,24,43,20,30,15,23,12,19,10,17,9,14,7,12,6,10,5,7,6,3,,,,,,,,,,,,,,
Piccadilly,WB,Heathrow Terminals 123,Heathrow Terminal 5,32,38,56,60,33,88,95,50,102,53,85,47,84,48,83,45,77,38,55,30,57,29,34,74,41,78,41,88,103,48,49,110,108,46,43,90,82,33,33,75,66,35,72,42,77,46,92,46,51,103,45,95,93,41,80,37,28,51,19,30,13,22,21,10,18,10,17,8,12,7,9,5,7,4,5,3,5,3,5,2,2,,,,,,,,,,,,,,,
Victoria,NB,Brixton,Stockwell,,42,62,47,60,67,67,75,94,90,109,135,158,167,167,158,136,106,84,68,56,52,47,62,52,48,56,47,45,51,43,42,50,41,40,47,39,38,46,39,40,47,38,45,38,40,50,46,60,53,67,56,64,51,56,42,44,34,31,31,26,29,23,23,28,23,25,40,45,57,72,62,62,47,46,32,27,10,,,,,,,,,,,,,,,,,,
Victoria,NB,Stockwell,Vauxhall,,42,83,95,106,121,137,155,195,186,228,272,310,330,329,306,266,213,167,134,109,103,93,120,99,93,108,90,88,100,81,80,92,75,72,86,71,69,82,70,72,85,66,80,76,72,78,87,95,99,102,104,100,93,85,77,66,55,53,51,43,39,43,35,35,41,35,42,64,62,65,76,68,49,45,54,26,19,17,,,,,,,,,,,,,,,,,
Victoria,NB,Vauxhall,Pimlico,,,50,108,140,183,147,221,245,261,292,354,410,443,451,423,374,309,248,202,171,143,144,183,147,141,162,138,136,157,126,126,145,119,116,138,113,112,131,114,119,146,114,142,137,132,146,163,177,189,194,195,187,172,153,134,112,92,86,83,69,63,69,56,54,64,53,59,81,76,80,94,71,79,59,51,46,21,22,,,,,,,,,,,,,,,,,
Victoria,NB,Pimlico,Victoria,,,45,112,180,152,169,201,296,244,302,372,425,460,470,444,394,328,264,213,180,173,152,167,191,155,151,185,153,150,173,144,140,164,133,135,158,131,131,164,144,154,163,156,193,164,176,200,215,230,235,237,223,206,181,158,132,109,101,98,83,73,69,77,62,60,71,63,71,96,84,84,90,72,62,76,36,22,26,,,,,,,,,,,,,,,,,
Victoria,NB,Victoria,Green Park,,,98,74,128,241,215,247,369,337,364,446,515,559,572,554,499,426,353,301,259,230,235,255,254,295,241,248,297,240,233,282,229,226,271,229,227,278,235,245,305,282,296,297,369,315,345,392,424,452,470,468,442,404,358,309,261,218,205,203,178,158,150,168,135,131,155,139,150,187,157,151,154,121,105,99,87,39,29,,,,,,,,,,,,,,,,,
Victoria,NB,Green Park,Oxford Circus,,,72,57,130,200,182,212,317,287,307,376,437,478,495,483,442,380,317,273,238,210,219,237,236,276,227,232,286,229,227,280,227,224,279,231,235,293,247,259,329,300,318,323,400,342,373,421,454,487,505,508,482,442,390,340,289,242,235,230,177,217,173,163,192,155,153,197,173,180,211,176,180,150,112,131,120,51,38,,,,,,,,,,,,,,,,,
Victoria,NB,Oxford Circus,Warren Street,,,65,80,65,147,158,151,222,200,209,246,279,296,301,293,272,235,205,185,167,151,165,182,183,216,184,188,233,194,199,246,212,212,269,232,242,297,264,278,354,323,350,346,437,424,421,479,526,567,594,605,581,543,492,439,385,331,294,329,261,319,259,248,297,243,245,301,259,256,301,242,207,200,184,175,154,61,63,,,,,,,,,,,,,,,,,
Victoria,NB,Warren Street,Euston,,,53,65,71,125,118,152,165,191,174,198,224,233,234,225,209,183,163,151,141,130,145,168,166,172,210,178,187,226,192,201,252,208,222,278,241,249,320,279,302,384,356,346,451,438,436,500,548,595,622,639,614,582,525,470,410,361,310,315,320,296,324,266,264,310,257,263,327,267,264,294,220,208,204,148,181,117,40,,,,,,,,,,,,,,,,,
Victoria,NB,Euston,King's Cross St. Pancras,,,51,63,61,114,118,109,158,160,144,169,189,199,200,194,179,157,137,126,116,110,117,120,166,141,144,180,158,158,195,170,178,214,189,197,248,212,228,289,268,279,306,342,379,370,373,435,479,523,548,569,548,520,472,427,372,327,279,285,294,268,255,297,242,240,291,249,256,307,255,234,251,204,160,182,137,111,41,,,,,,,,,,,,,,,,,
Victoria,NB,King's Cross St. Pancras,Highbury & Islington,,,29,58,45,78,69,94,117,113,103,121,130,135,133,126,111,96,83,77,74,71,71,91,95,114,103,107,139,119,127,161,146,151,193,170,179,221,200,214,279,251,283,328,312,351,404,412,460,514,547,573,562,532,489,440,383,335,294,293,268,332,262,253,300,246,248,307,256,254,303,237,204,215,197,147,187,97,43,,,,,,,,,,,,,,,,,
Victoria,NB,Highbury & Islington,Finsbury Park,,,,30,40,76,76,85,101,99,98,100,106,109,106,98,86,72,61,57,56,55,55,65,91,79,83,106,96,101,128,116,123,155,139,147,184,163,174,225,212,226,250,285,326,319,326,380,425,462,487,502,486,456,407,364,312,271,232,234,246,230,217,253,211,205,244,209,213,256,212,202,215,154,172,140,128,120,58,70,,,,,,,,,,,,,,,,
Victoria,NB,Finsbury Park,Seven Sisters,,,,22,56,51,66,74,90,87,87,86,92,93,89,79,68,57,46,42,42,41,39,47,66,57,61,77,69,72,92,82,90,112,100,106,135,116,128,167,153,168,219,186,241,240,271,275,307,331,351,354,347,322,287,248,216,182,158,160,150,157,155,174,146,145,175,148,151,179,142,135,145,102,96,99,118,59,39,47,,,,,,,,,,,,,,,,
Victoria,NB,Seven Sisters,Tottenham Hale,,8,23,20,38,29,58,52,62,62,67,58,60,61,56,51,45,37,31,36,34,33,39,33,36,45,45,42,54,47,49,65,58,61,78,68,73,90,80,88,119,108,116,138,155,154,174,183,200,223,231,243,234,224,197,195,191,165,138,123,137,122,98,116,111,110,138,100,98,120,135,131,151,129,139,175,124,84,41,36,,,,,,,,,,,,,,,,
Victoria,NB,Tottenham Hale,Blackhorse Road,,6,14,9,16,16,22,31,29,34,38,37,35,35,34,31,28,23,19,22,21,21,24,22,22,24,35,26,27,35,30,33,43,38,40,52,45,48,62,56,61,79,73,85,98,98,112,117,132,148,157,165,164,155,138,137,136,116,100,89,82,105,69,66,77,89,75,79,68,69,95,87,97,115,95,80,94,71,91,14,,,,,,,,,,,,,,,,
Victoria,NB,Blackhorse Road,Walthamstow Central,,,9,12,10,10,18,18,16,20,27,21,22,24,23,21,18,16,12,14,14,16,14,15,15,16,23,16,18,22,19,21,28,24,25,32,28,29,38,35,39,50,46,53,62,61,68,70,79,87,92,96,95,89,79,79,77,57,65,50,44,48,44,35,34,62,40,36,43,36,50,47,42,63,53,42,50,38,49,7,,,,,,,,,,,,,,,,
Victoria,SB,Walthamstow Central,Blackhorse Road,,48,89,76,123,128,122,104,119,116,147,110,110,110,103,93,77,64,54,57,47,39,38,43,35,34,40,38,31,37,31,32,37,30,29,34,27,27,32,27,28,34,30,32,35,32,35,34,35,36,36,37,34,32,28,29,28,21,25,18,15,16,15,11,13,12,12,15,10,10,16,15,13,19,16,9,5,6,4,4,,,,,,,,,,,,,,,,
Victoria,SB,Blackhorse Road,Tottenham Hale,,110,196,164,202,220,278,170,186,194,242,181,188,194,187,174,148,122,103,107,86,71,67,77,61,58,69,65,54,63,54,54,63,50,49,57,45,44,54,46,47,57,49,53,57,52,56,62,56,57,58,57,53,51,45,41,45,34,38,28,23,21,27,17,16,23,18,18,18,15,17,20,22,19,20,14,6,8,10,2,,,,,,,,,,,,,,,,
Victoria,SB,Tottenham Hale,Seven Sisters,,90,188,362,270,271,284,287,278,271,306,298,282,287,282,264,228,188,157,171,141,122,111,109,119,95,92,132,86,85,100,83,80,93,74,73,85,69,68,84,71,85,75,82,86,81,86,97,88,91,93,92,86,81,72,65,72,54,50,53,37,33,44,29,27,37,29,29,28,24,28,32,28,41,35,23,9,29,8,2,,,,,,,,,,,,,,,,
Victoria,SB,Seven Sisters,Finsbury Park,,57,88,161,150,183,253,237,270,305,340,367,398,400,400,375,335,282,243,232,220,186,168,191,153,145,169,138,132,153,126,126,147,119,115,137,110,108,128,114,112,102,104,100,104,112,121,134,137,141,140,139,128,121,108,98,108,80,77,82,57,52,58,44,41,47,37,37,43,35,40,39,40,43,47,34,20,18,,,,,,,,,,,,,,,,,,
Victoria,SB,Finsbury Park,Highbury & Islington,,64,138,178,178,261,306,291,343,398,445,503,557,574,570,541,480,405,342,291,316,267,277,229,219,244,202,195,216,182,206,179,174,173,185,161,180,151,150,155,156,156,140,133,142,150,160,175,184,189,189,190,180,165,150,132,127,123,104,90,95,72,67,75,59,56,66,55,55,62,50,53,55,54,62,45,21,25,,,,,,,,,,,,,,,,,,
Victoria,SB,Highbury & Islington,King's Cross St. Pancras,,76,128,174,192,275,320,314,416,422,482,553,614,645,649,618,558,470,400,338,322,309,325,257,250,280,230,225,254,210,242,206,199,198,212,181,209,173,168,179,211,155,161,172,163,169,185,199,218,221,226,224,220,196,180,160,157,128,126,108,109,82,79,88,72,70,87,79,86,102,84,89,91,84,64,63,58,15,,,,,,,,,,,,,,,,,,
Victoria,SB,King's Cross St. Pancras,Euston,,67,97,138,190,230,281,316,339,389,447,508,572,600,604,579,524,438,367,316,359,314,286,286,326,259,253,298,247,231,233,258,219,249,214,208,214,236,201,240,209,184,226,186,197,213,230,248,271,280,290,290,284,259,239,210,211,201,156,183,141,127,146,113,111,128,105,109,138,112,106,117,115,85,111,83,48,21,,,,,,,,,,,,,,,,,,
Victoria,SB,Euston,Warren Street,,,68,131,187,227,265,304,374,392,450,532,600,644,653,644,592,511,437,375,321,358,385,306,301,345,281,276,325,264,256,300,248,240,279,234,233,273,229,233,278,210,248,209,222,236,253,275,294,306,315,318,308,285,261,236,229,197,194,172,177,139,130,146,117,113,134,114,123,143,119,125,111,123,95,90,60,24,,,,,,,,,,,,,,,,,,
Victoria,SB,Warren Street,Oxford Circus,,,65,125,163,205,295,290,317,380,431,499,562,601,608,598,547,469,393,337,334,326,304,348,287,275,326,268,265,314,253,248,298,240,231,284,234,229,280,241,245,253,230,245,239,253,279,305,330,345,355,357,346,320,291,264,258,221,223,196,173,190,150,140,161,130,125,154,133,133,150,121,140,116,140,81,66,32,,,,,,,,,,,,,,,,,,
Victoria,SB,Oxford Circus,Green Park,,,46,129,134,158,186,250,268,280,323,377,425,455,457,443,403,341,284,245,221,257,235,229,266,216,213,258,216,215,253,216,216,255,214,223,267,228,237,292,260,268,254,273,267,286,320,352,385,412,433,440,432,409,377,346,349,303,273,337,257,239,276,220,211,245,200,205,245,202,192,208,173,205,158,153,106,64,58,,,,,,,,,,,,,,,,,
Victoria,SB,Green Park,Victoria,,,41,71,128,128,147,202,221,235,274,324,371,401,407,395,360,305,252,215,195,227,207,202,236,191,190,231,196,196,235,200,207,248,210,217,267,226,237,293,268,277,265,289,282,302,337,375,411,443,470,484,476,454,417,382,385,341,299,322,344,267,258,300,241,236,281,242,244,284,231,249,218,205,199,200,129,76,73,,,,,,,,,,,,,,,,,
Victoria,SB,Victoria,Pimlico,,,15,33,40,65,67,93,107,112,132,153,173,183,184,176,158,133,111,97,88,106,97,95,110,91,90,110,95,96,118,105,109,133,115,120,149,130,136,173,159,168,159,177,195,187,208,238,265,293,318,335,337,324,303,278,252,248,221,233,253,200,195,227,184,180,212,181,181,214,169,156,198,160,154,178,125,58,75,,,,,,,,,,,,,,,,,
Victoria,SB,Pimlico,Vauxhall,,,18,23,43,47,66,81,90,95,109,125,135,143,141,135,120,102,84,75,64,69,86,71,70,87,69,75,93,80,82,108,91,96,119,104,108,138,117,128,167,153,142,164,179,172,191,221,247,276,302,319,323,311,292,267,241,238,216,222,207,227,182,178,207,168,163,202,168,165,186,150,153,156,152,166,116,54,69,,,,,,,,,,,,,,,,,
Victoria,SB,Vauxhall,Stockwell,,,11,14,16,25,25,42,42,43,51,58,62,63,62,58,52,45,39,36,34,37,41,49,42,43,52,47,49,59,54,68,63,65,69,82,74,91,83,91,99,105,115,113,126,125,138,159,179,202,223,240,242,237,220,200,179,179,159,169,156,147,165,136,130,153,124,125,151,126,117,130,116,115,120,100,100,48,57,,,,,,,,,,,,,,,,,
Victoria,SB,Stockwell,Brixton,,,5,7,11,14,14,22,22,27,27,30,33,34,33,32,30,28,25,24,23,22,27,32,26,27,33,29,30,37,32,34,43,37,39,48,41,43,54,49,52,58,61,60,67,66,71,83,94,105,117,127,130,128,122,112,102,103,93,97,88,84,94,75,72,86,69,70,87,74,71,82,74,61,76,85,63,45,47,31,,,,,,,,,,,,,,,,
Waterloo & City,EB,Waterloo,Bank and Monument,,,,,20,51,58,101,117,182,203,288,271,353,348,264,267,181,200,123,111,95,107,88,79,69,67,66,65,61,58,54,50,46,43,41,40,39,38,40,43,44,48,56,46,32,43,46,43,54,51,58,48,50,39,37,27,26,23,18,21,15,18,18,16,17,33,23,31,22,26,16,19,11,6,11,4,5,,,,,,,,,,,,,,,,,,
Waterloo & City,WB,Bank and Monument,Waterloo,,,,,10,16,11,22,23,30,29,37,35,44,44,34,38,25,26,29,22,26,36,35,35,35,37,39,41,41,43,45,47,48,51,53,56,56,63,70,81,91,109,151,185,109,176,213,209,276,258,297,240,244,182,172,118,112,96,79,88,64,76,71,49,61,111,70,91,62,77,54,59,27,37,15,12,3,,,,,,,,,,,,,,,,,,
